,Number,Italian,Original,English_opus-mt-tc-big-it-en_df1,rating_score,rating_opus-mt_df1,NLTKPositive,NLTKNegative,NLTKNeutral,NLTKSentiment,NLTKPositive-G,NLTKNegative-G,NLTKNeutral-G,NLTKSentiment-G,TextblobSentimentPolarity,TextblobSentimentSubjectivity,TextblobSentimentPolarity-G,TextblobSentimentSubjectivity-G,FlairSentiment,FlairSentiment-G,PatternSentimentPolarity,PatternSentimentSubjectivity,PatternSentimentPolarity-G,PatternSentimentSubjectivity-G,English_opus-mt-tc-big-it-en,English_Google,rating_score_google,rating_opus-mt,Opus,Google,Ideal Human Translation,BLEU_score_mt,chrF_score_mt,BLEU_score_gt,chrF_score_gt
1,2,Ieri alla festa mi sono divertita molto,1,Yesterday at the party I had a lot of fun,0.7184,0.7184,0.5,0.0,0.5,0.7184,0.5,0.0,0.5,0.7184,0.3,0.2,0.3,0.2, POSITIVE (0.9973), POSITIVE (0.9973),0.3,0.2,0.3,0.2,Yesterday at the party I had a lot of fun,Yesterday at the party I had a lot of fun,0.7184,0.7184,True,True,Yesterday at the party I had a lot of fun,BLEU = 100.00 100.0/100.0/100.0/100.0 (BP = 1.000 ratio = 1.000 hyp_len = 10 ref_len = 10),chrF2 = 100.00,BLEU = 100.00 100.0/100.0/100.0/100.0 (BP = 1.000 ratio = 1.000 hyp_len = 10 ref_len = 10),chrF2 = 100.00
2,4,Ho trascorso una bella serata,1,I had a nice evening,0.4215,0.4215,0.583,0.0,0.417,0.4215,0.583,0.0,0.417,0.4215,0.6,1.0,0.25,0.55, POSITIVE (0.9569), POSITIVE (0.9474),0.6,1.0,0.25,0.55,I had a nice evening,I spent a nice evening,0.4215,0.4215,True,False,I had a nice evening,BLEU = 100.00 100.0/100.0/100.0/100.0 (BP = 1.000 ratio = 1.000 hyp_len = 5 ref_len = 5),chrF2 = 100.00,BLEU = 42.73 80.0/50.0/33.3/25.0 (BP = 1.000 ratio = 1.000 hyp_len = 5 ref_len = 5),chrF2 = 68.87
3,6,Sono al settimo cielo!,1,I'm in seventh heaven!,0.5562,0.5562,0.545,0.0,0.455,0.5562,0.545,0.0,0.455,0.5562,0.0,0.0,0.0,0.0, POSITIVE (0.9856), POSITIVE (0.9856),0.0,0.0,0.0,0.0,I'm in seventh heaven!,I'm in seventh heaven!,0.5562,0.5562,True,True,I'm in seventh heaven!,BLEU = 100.00 100.0/100.0/100.0/100.0 (BP = 1.000 ratio = 1.000 hyp_len = 5 ref_len = 5),chrF2 = 100.00,BLEU = 100.00 100.0/100.0/100.0/100.0 (BP = 1.000 ratio = 1.000 hyp_len = 5 ref_len = 5),chrF2 = 100.00
4,7,Ho il cuore pieno di gioia,1,My heart is full of joy,0.5859,0.5859,0.432,0.0,0.568,0.5859,0.432,0.0,0.568,0.5859,0.575,0.375,0.575,0.375, POSITIVE (0.997), POSITIVE (0.9957),0.575,0.375,0.575,0.375,My heart is full of joy,I have my heart full of joy,0.5859,0.5859,True,True,My heart is full of joy,BLEU = 100.00 100.0/100.0/100.0/100.0 (BP = 1.000 ratio = 1.000 hyp_len = 6 ref_len = 6),chrF2 = 100.00,BLEU = 26.27 57.1/33.3/20.0/12.5 (BP = 1.000 ratio = 1.167 hyp_len = 7 ref_len = 6),chrF2 = 60.53
5,8,Sono innamorata,1,I'm in love,0.6369,0.6369,0.677,0.0,0.323,0.6369,0.677,0.0,0.323,0.6369,0.5,0.6,0.5,0.6, POSITIVE (0.9987), POSITIVE (0.9987),0.5,0.6,0.5,0.6,I'm in love,I'm in love,0.6369,0.6369,True,True,I'm in love,BLEU = 100.00 100.0/100.0/100.0/0.0 (BP = 1.000 ratio = 1.000 hyp_len = 3 ref_len = 3),chrF2 = 100.00,BLEU = 100.00 100.0/100.0/100.0/0.0 (BP = 1.000 ratio = 1.000 hyp_len = 3 ref_len = 3),chrF2 = 100.00
6,9,Hai un bellissimo sorriso,1,You have a beautiful smile,0.7506,0.7506,0.762,0.0,0.238,0.7506,0.762,0.0,0.238,0.7506,0.575,0.55,0.575,0.55, POSITIVE (0.9973), POSITIVE (0.9973),0.575,0.55,0.575,0.55,You have a beautiful smile,You have a beautiful smile,0.7506,0.7506,True,True,You have a beautiful smile,BLEU = 100.00 100.0/100.0/100.0/100.0 (BP = 1.000 ratio = 1.000 hyp_len = 5 ref_len = 5),chrF2 = 100.00,BLEU = 100.00 100.0/100.0/100.0/100.0 (BP = 1.000 ratio = 1.000 hyp_len = 5 ref_len = 5),chrF2 = 100.00
7,10,Che begli occhi!,1,What beautiful eyes!,0.4753,0.636,0.677,0.0,0.323,0.636,0.756,0.0,0.244,0.4753,1.0,1.0,0.75,1.0, POSITIVE (0.9992), POSITIVE (0.9987),1.0,1.0,0.75,1.0,What beautiful eyes!,Nice eyes!,0.4753,0.636,True,False,What beautiful eyes!,BLEU = 100.00 100.0/100.0/100.0/100.0 (BP = 1.000 ratio = 1.000 hyp_len = 4 ref_len = 4),chrF2 = 100.00,BLEU = 39.43 66.7/50.0/50.0/0.0 (BP = 0.717 ratio = 0.750 hyp_len = 3 ref_len = 4),chrF2 = 19.02
8,11,Che bella ragazza!,1,What a beautiful girl!,0.5411,0.636,0.677,0.0,0.323,0.636,0.636,0.0,0.364,0.5411,1.0,1.0,0.3125,1.0, POSITIVE (0.998), POSITIVE (0.9997),1.0,1.0,0.3125,1.0,What a beautiful girl!,What a pretty girl!,0.5411,0.636,True,False,What a beautiful girl!,BLEU = 100.00 100.0/100.0/100.0/100.0 (BP = 1.000 ratio = 1.000 hyp_len = 5 ref_len = 5),chrF2 = 100.00,BLEU = 30.21 80.0/50.0/16.7/12.5 (BP = 1.000 ratio = 1.000 hyp_len = 5 ref_len = 5),chrF2 = 31.27
9,12,Sei una persona fortunata,1,You're a lucky person.,0.4215,0.4215,0.583,0.0,0.417,0.4215,0.483,0.0,0.517,0.4215,0.3333333333333333,0.8333333333333334,0.3333333333333333,0.8333333333333334, POSITIVE (0.9995), POSITIVE (0.9996),0.3333333333333333,0.8333333333333334,0.3333333333333333,0.8333333333333334,You're a lucky person.,You are a lucky person,0.4215,0.4215,True,True,You're a lucky person.,BLEU = 100.00 100.0/100.0/100.0/100.0 (BP = 1.000 ratio = 1.000 hyp_len = 5 ref_len = 5),chrF2 = 100.00,BLEU = 39.76 60.0/50.0/33.3/25.0 (BP = 1.000 ratio = 1.000 hyp_len = 5 ref_len = 5),chrF2 = 75.75
10,13,Che bello averti incontrato,1,It's so good to have met you.,0.4215,0.4927,0.347,0.0,0.653,0.4927,0.359,0.0,0.641,0.4215,0.7,0.6000000000000001,0.6,1.0, POSITIVE (0.9977), POSITIVE (0.999),0.7,0.6000000000000001,0.6,1.0,It's so good to have met you.,How nice to have met you,0.4215,0.4927,False,True,How nice to have met you,BLEU = 34.57 50.0/42.9/33.3/20.0 (BP = 1.000 ratio = 1.333 hyp_len = 8 ref_len = 6),chrF2 = 55.31,BLEU = 100.00 100.0/100.0/100.0/100.0 (BP = 1.000 ratio = 1.000 hyp_len = 6 ref_len = 6),chrF2 = 100.00
11,14,Mi piace molto il mio lavoro,1,I really like my job.,0.4201,0.4201,0.482,0.0,0.518,0.4201,0.482,0.0,0.518,0.4201,0.2,0.2,0.2,0.2, POSITIVE (0.9934), POSITIVE (0.9903),0.2,0.2,0.2,0.2,I really like my job.,I really like my job,0.4201,0.4201,True,True,I really like my job.,BLEU = 100.00 100.0/100.0/100.0/100.0 (BP = 1.000 ratio = 1.000 hyp_len = 6 ref_len = 6),chrF2 = 100.00,BLEU = 81.87 100.0/100.0/100.0/100.0 (BP = 0.819 ratio = 0.833 hyp_len = 5 ref_len = 6),chrF2 = 94.32
12,15,Sei una brava persona,1,You're a good person,0.4404,0.4404,0.592,0.0,0.408,0.4404,0.592,0.0,0.408,0.4404,0.7,0.6000000000000001,0.7,0.6000000000000001, POSITIVE (0.9962), POSITIVE (0.9962),0.7,0.6000000000000001,0.7,0.6000000000000001,You're a good person,You're a good person,0.4404,0.4404,True,True,You're a good person,BLEU = 100.00 100.0/100.0/100.0/100.0 (BP = 1.000 ratio = 1.000 hyp_len = 4 ref_len = 4),chrF2 = 100.00,BLEU = 100.00 100.0/100.0/100.0/100.0 (BP = 1.000 ratio = 1.000 hyp_len = 4 ref_len = 4),chrF2 = 100.00
13,16,Mi piace tanto studiare,1,I like to study so much,0.4201,0.3612,0.385,0.0,0.615,0.3612,0.583,0.0,0.417,0.4201,0.2,0.2,0.2,0.2, POSITIVE (0.9536), POSITIVE (0.9815),0.2,0.2,0.2,0.2,I like to study so much,I really like studying,0.4201,0.3612,False,True,I really like studying,BLEU = 9.65 33.3/10.0/6.2/4.2 (BP = 1.000 ratio = 1.500 hyp_len = 6 ref_len = 4),chrF2 = 24.67,BLEU = 100.00 100.0/100.0/100.0/100.0 (BP = 1.000 ratio = 1.000 hyp_len = 4 ref_len = 4),chrF2 = 100.00
14,17,Sono soddisfatto,1,I'm satisfied,0.4215,0.4215,0.737,0.0,0.263,0.4215,0.737,0.0,0.263,0.4215,0.5,1.0,0.5,1.0, POSITIVE (0.9938), POSITIVE (0.9938),0.5,1.0,0.5,1.0,I'm satisfied,I'm satisfied,0.4215,0.4215,True,True,I'm satisfied,BLEU = 100.00 100.0/100.0/0.0/0.0 (BP = 1.000 ratio = 1.000 hyp_len = 2 ref_len = 2),chrF2 = 100.00,BLEU = 100.00 100.0/100.0/0.0/0.0 (BP = 1.000 ratio = 1.000 hyp_len = 2 ref_len = 2),chrF2 = 100.00
15,18,Ho fatto un bel sogno,1,I had a good dream,0.5859,0.5994,0.831,0.0,0.169,0.5994,0.828,0.0,0.172,0.5859,0.7,0.6000000000000001,0.6,1.0, POSITIVE (0.9646), POSITIVE (0.9519),0.7,0.6000000000000001,0.6,1.0,I had a good dream,I had a nice dream,0.5859,0.5994,False,True,I had a nice dream,BLEU = 42.73 80.0/50.0/33.3/25.0 (BP = 1.000 ratio = 1.000 hyp_len = 5 ref_len = 5),chrF2 = 39.89,BLEU = 100.00 100.0/100.0/100.0/100.0 (BP = 1.000 ratio = 1.000 hyp_len = 5 ref_len = 5),chrF2 = 100.00
16,19,Che dolce emozione!,1,What a sweet emotion!,0.5093,0.5093,0.622,0.0,0.378,0.5093,0.622,0.0,0.378,0.5093,0.4375,0.65,0.4375,0.65, POSITIVE (0.9996), POSITIVE (0.9996),0.4375,0.65,0.4375,0.65,What a sweet emotion!,What a sweet emotion!,0.5093,0.5093,True,True,What a sweet emotion!,BLEU = 100.00 100.0/100.0/100.0/100.0 (BP = 1.000 ratio = 1.000 hyp_len = 5 ref_len = 5),chrF2 = 100.00,BLEU = 100.00 100.0/100.0/100.0/100.0 (BP = 1.000 ratio = 1.000 hyp_len = 5 ref_len = 5),chrF2 = 100.00
17,22,Abbracciare rende felici,1,Embracing makes you happy,0.5719,0.5719,0.552,0.0,0.448,0.5719,0.552,0.0,0.448,0.5719,0.8,1.0,0.8,1.0, POSITIVE (0.9964), POSITIVE (0.9955),0.8,1.0,0.8,1.0,Embracing makes you happy,Embracing makes it happy,0.5719,0.5719,False,False,Hugging makes people happy,BLEU = 19.00 50.0/16.7/12.5/12.5 (BP = 1.000 ratio = 1.000 hyp_len = 4 ref_len = 4),chrF2 = 39.72,BLEU = 19.00 50.0/16.7/12.5/12.5 (BP = 1.000 ratio = 1.000 hyp_len = 4 ref_len = 4),chrF2 = 38.63
18,23,L'abbraccio fa bene al cuore,1,Embrace is good for the heart,0.6369,0.6369,0.565,0.0,0.435,0.6369,0.51,0.0,0.49,0.6369,0.7,0.6000000000000001,0.7,0.6000000000000001, POSITIVE (0.9942), POSITIVE (0.9931),0.7,0.6000000000000001,0.7,0.6000000000000001,Embrace is good for the heart,The embrace is good for the heart,0.6369,0.6369,False,False,A hug is good for the heart,BLEU = 64.32 83.3/80.0/75.0/66.7 (BP = 0.846 ratio = 0.857 hyp_len = 6 ref_len = 7),chrF2 = 75.72,BLEU = 61.48 71.4/66.7/60.0/50.0 (BP = 1.000 ratio = 1.000 hyp_len = 7 ref_len = 7),chrF2 = 74.16
19,25,Che bel sole!,1,What a beautiful sun!,0.636,0.636,0.677,0.0,0.323,0.636,0.677,0.0,0.323,0.636,1.0,1.0,1.0,1.0, POSITIVE (0.9995), POSITIVE (0.9995),1.0,1.0,1.0,1.0,What a beautiful sun!,What a beautiful sun!,0.636,0.636,True,True,What a beautiful sun!,BLEU = 100.00 100.0/100.0/100.0/100.0 (BP = 1.000 ratio = 1.000 hyp_len = 5 ref_len = 5),chrF2 = 100.00,BLEU = 100.00 100.0/100.0/100.0/100.0 (BP = 1.000 ratio = 1.000 hyp_len = 5 ref_len = 5),chrF2 = 100.00
20,26,Ho visto un bel film romantico,1,I've seen a good romantic movie.,0.6705,0.6808,0.651,0.0,0.349,0.6808,0.733,0.0,0.267,0.6705,0.35,0.55,0.3,0.75, POSITIVE (0.9781), POSITIVE (0.802),0.35,0.55,0.3,0.75,I've seen a good romantic movie.,I saw a nice romantic movie,0.6705,0.6808,False,True,I saw a nice romantic movie,BLEU = 14.54 42.9/16.7/10.0/6.2 (BP = 1.000 ratio = 1.167 hyp_len = 7 ref_len = 6),chrF2 = 54.50,BLEU = 100.00 100.0/100.0/100.0/100.0 (BP = 1.000 ratio = 1.000 hyp_len = 6 ref_len = 6),chrF2 = 100.00
21,27,Ottima notizia!,1,Good news!,0.6114,0.4926,0.761,0.0,0.239,0.4926,0.8,0.0,0.2,0.6114,0.875,0.6000000000000001,1.0,1.0, POSITIVE (0.9928), POSITIVE (0.9949),0.875,0.6000000000000001,1.0,1.0,Good news!,Excellent news!,0.6114,0.4926,False,True,Excellent news!,BLEU = 55.03 66.7/50.0/50.0/0.0 (BP = 1.000 ratio = 1.000 hyp_len = 3 ref_len = 3),chrF2 = 21.71,BLEU = 100.00 100.0/100.0/100.0/0.0 (BP = 1.000 ratio = 1.000 hyp_len = 3 ref_len = 3),chrF2 = 100.00
22,28,La mia squadra del cuore ha vinto.,1,My favorite team won.,0.5719,0.7717,0.77,0.0,0.23,0.7717,0.552,0.0,0.448,0.5719,0.5,1.0,0.0,0.0, POSITIVE (0.9985), POSITIVE (0.9991),0.5,1.0,0.0,0.0,My favorite team won.,My heart team won.,0.5719,0.7717,True,False,My favorite team won.,BLEU = 100.00 100.0/100.0/100.0/100.0 (BP = 1.000 ratio = 1.000 hyp_len = 5 ref_len = 5),chrF2 = 100.00,BLEU = 42.73 80.0/50.0/33.3/25.0 (BP = 1.000 ratio = 1.000 hyp_len = 5 ref_len = 5),chrF2 = 42.83
23,29,Ho letto un libro molto interessante,1,I read a very interesting book,0.4576,0.4576,0.499,0.0,0.501,0.4576,0.499,0.0,0.501,0.4576,0.65,0.65,0.65,0.65, POSITIVE (0.9795), POSITIVE (0.9795),0.65,0.65,0.65,0.65,I read a very interesting book,I read a very interesting book,0.4576,0.4576,True,True,I read a very interesting book,BLEU = 100.00 100.0/100.0/100.0/100.0 (BP = 1.000 ratio = 1.000 hyp_len = 6 ref_len = 6),chrF2 = 100.00,BLEU = 100.00 100.0/100.0/100.0/100.0 (BP = 1.000 ratio = 1.000 hyp_len = 6 ref_len = 6),chrF2 = 100.00
24,30,Guardare il tramonto mi emoziona sempre,1,Watching the sunset always excites me,0.4767,0.4767,0.383,0.0,0.617,0.4767,0.383,0.0,0.617,0.4767,0.0,0.0,0.0,0.0, POSITIVE (0.9992), POSITIVE (0.9993),0.0,0.0,0.0,0.0,Watching the sunset always excites me,Watch the sunset always excites me,0.4767,0.4767,True,False,Watching the sunset always excites me,BLEU = 100.00 100.0/100.0/100.0/100.0 (BP = 1.000 ratio = 1.000 hyp_len = 6 ref_len = 6),chrF2 = 100.00,BLEU = 75.98 83.3/80.0/75.0/66.7 (BP = 1.000 ratio = 1.000 hyp_len = 6 ref_len = 6),chrF2 = 82.63
25,31,Sei raggiante!,1,You're glowing!,0.5255,0.0,0.0,0.0,1.0,0.0,0.629,0.0,0.371,0.5255,0.0,0.0,0.0,0.0, POSITIVE (0.9999), POSITIVE (0.9997),0.0,0.0,0.0,0.0,You're glowing!,You are radiant!,0.5255,0.0,True,False,You're glowing!,BLEU = 100.00 100.0/100.0/100.0/0.0 (BP = 1.000 ratio = 1.000 hyp_len = 3 ref_len = 3),chrF2 = 100.00,BLEU = 15.97 25.0/16.7/12.5/12.5 (BP = 1.000 ratio = 1.333 hyp_len = 4 ref_len = 3),chrF2 = 14.76
26,32,Che persona brillante!,1,What a brilliant person!,0.6239,0.6239,0.672,0.0,0.328,0.6239,0.672,0.0,0.328,0.6239,1.0,1.0,1.0,1.0, POSITIVE (0.9991), POSITIVE (0.9991),1.0,1.0,1.0,1.0,What a brilliant person!,What a brilliant person!,0.6239,0.6239,True,True,What a brilliant person!,BLEU = 100.00 100.0/100.0/100.0/100.0 (BP = 1.000 ratio = 1.000 hyp_len = 5 ref_len = 5),chrF2 = 100.00,BLEU = 100.00 100.0/100.0/100.0/100.0 (BP = 1.000 ratio = 1.000 hyp_len = 5 ref_len = 5),chrF2 = 100.00
27,34,Ti voglio molto bene,1,I love you very much,0.6369,0.6369,0.583,0.0,0.417,0.6369,0.583,0.0,0.417,0.6369,0.38,0.43,0.38,0.43, POSITIVE (0.9882), POSITIVE (0.9882),0.38,0.43,0.38,0.43,I love you very much,I love you very much,0.6369,0.6369,True,True,I love you very much,BLEU = 100.00 100.0/100.0/100.0/100.0 (BP = 1.000 ratio = 1.000 hyp_len = 5 ref_len = 5),chrF2 = 100.00,BLEU = 100.00 100.0/100.0/100.0/100.0 (BP = 1.000 ratio = 1.000 hyp_len = 5 ref_len = 5),chrF2 = 100.00
28,35,Che gioia!,1,What a joy!,0.6239,0.6239,0.804,0.0,0.196,0.6239,0.804,0.0,0.196,0.6239,1.0,0.2,1.0,0.2, POSITIVE (0.9992), POSITIVE (0.9992),1.0,0.2,1.0,0.2,What a joy!,What a joy!,0.6239,0.6239,True,True,What a joy!,BLEU = 100.00 100.0/100.0/100.0/100.0 (BP = 1.000 ratio = 1.000 hyp_len = 4 ref_len = 4),chrF2 = 100.00,BLEU = 100.00 100.0/100.0/100.0/100.0 (BP = 1.000 ratio = 1.000 hyp_len = 4 ref_len = 4),chrF2 = 100.00
29,36,Dai sempre il meglio di te!,1,Always give the best of you!,0.6696,0.6696,0.473,0.0,0.527,0.6696,0.428,0.0,0.572,0.6696,1.0,0.3,1.0,0.3, POSITIVE (0.9983), POSITIVE (0.9979),1.0,0.3,1.0,0.3,Always give the best of you!,You always give the best of you!,0.6696,0.6696,True,False,Always give the best of you!,BLEU = 100.00 100.0/100.0/100.0/100.0 (BP = 1.000 ratio = 1.000 hyp_len = 7 ref_len = 7),chrF2 = 100.00,BLEU = 68.04 75.0/71.4/66.7/60.0 (BP = 1.000 ratio = 1.143 hyp_len = 8 ref_len = 7),chrF2 = 92.37
30,39,Ho fatto una bella corsa.,1,I had a good run.,0.4404,0.4404,0.592,0.0,0.408,0.4404,0.592,0.0,0.408,0.4404,0.7,0.6000000000000001,0.7,0.6000000000000001, POSITIVE (0.9715), POSITIVE (0.9958),0.7,0.6000000000000001,0.7,0.6000000000000001,I had a good run.,I made a good race.,0.4404,0.4404,True,False,I had a good run.,BLEU = 100.00 100.0/100.0/100.0/100.0 (BP = 1.000 ratio = 1.000 hyp_len = 6 ref_len = 6),chrF2 = 100.00,BLEU = 19.30 66.7/20.0/12.5/8.3 (BP = 1.000 ratio = 1.000 hyp_len = 6 ref_len = 6),chrF2 = 36.69
31,40,Sono stata in un posto bellissimo,1,I've been to a beautiful place,0.5994,0.5994,0.494,0.0,0.506,0.5994,0.565,0.0,0.435,0.5994,0.85,1.0,0.85,1.0, POSITIVE (0.9972), POSITIVE (0.9945),0.85,1.0,0.85,1.0,I've been to a beautiful place,I was in a beautiful place,0.5994,0.5994,True,False,I've been to a beautiful place,BLEU = 100.00 100.0/100.0/100.0/100.0 (BP = 1.000 ratio = 1.000 hyp_len = 6 ref_len = 6),chrF2 = 100.00,BLEU = 30.21 50.0/40.0/25.0/16.7 (BP = 1.000 ratio = 1.000 hyp_len = 6 ref_len = 6),chrF2 = 58.72
32,41,Sei una persona di successo,1,You are a successful person,0.5859,0.5859,0.559,0.0,0.441,0.5859,0.559,0.0,0.441,0.5859,0.75,0.95,0.75,0.95, POSITIVE (0.9899), POSITIVE (0.9899),0.75,0.95,0.75,0.95,You are a successful person,You are a successful person,0.5859,0.5859,True,True,You are a successful person,BLEU = 100.00 100.0/100.0/100.0/100.0 (BP = 1.000 ratio = 1.000 hyp_len = 5 ref_len = 5),chrF2 = 100.00,BLEU = 100.00 100.0/100.0/100.0/100.0 (BP = 1.000 ratio = 1.000 hyp_len = 5 ref_len = 5),chrF2 = 100.00
33,42,Meriti tutto il bene del mondo!,1,You deserve all the good in the world!,0.4926,0.4926,0.313,0.0,0.687,0.4926,0.313,0.0,0.687,0.4926,0.875,0.6000000000000001,0.5375,0.5, POSITIVE (0.9872), POSITIVE (0.9663),0.875,0.6000000000000001,0.5375,0.5,You deserve all the good in the world!,You deserve the whole good of the world!,0.4926,0.4926,True,False,You deserve all the good in the world!,BLEU = 100.00 100.0/100.0/100.0/100.0 (BP = 1.000 ratio = 1.000 hyp_len = 9 ref_len = 9),chrF2 = 100.00,BLEU = 24.27 77.8/37.5/14.3/8.3 (BP = 1.000 ratio = 1.000 hyp_len = 9 ref_len = 9),chrF2 = 59.50
34,43,Ti auguro ogni bene!,1,I wish you all the best!,0.8016,0.8016,0.706,0.0,0.294,0.8016,0.706,0.0,0.294,0.8016,1.0,0.3,1.0,0.3, POSITIVE (0.9873), POSITIVE (0.9873),1.0,0.3,1.0,0.3,I wish you all the best!,I wish you all the best!,0.8016,0.8016,True,True,I wish you all the best!,BLEU = 100.00 100.0/100.0/100.0/100.0 (BP = 1.000 ratio = 1.000 hyp_len = 7 ref_len = 7),chrF2 = 100.00,BLEU = 100.00 100.0/100.0/100.0/100.0 (BP = 1.000 ratio = 1.000 hyp_len = 7 ref_len = 7),chrF2 = 100.00
35,44,Ridere fa bene alla salute!,1,Laughing is good for your health!,0.75,0.75,0.615,0.0,0.385,0.75,0.681,0.0,0.319,0.75,0.875,0.6000000000000001,0.875,0.6000000000000001, POSITIVE (0.9953), POSITIVE (0.9976),0.875,0.6000000000000001,0.875,0.6000000000000001,Laughing is good for your health!,Laughter is good for health!,0.75,0.75,True,False,Laughing is good for your health!,BLEU = 100.00 100.0/100.0/100.0/100.0 (BP = 1.000 ratio = 1.000 hyp_len = 7 ref_len = 7),chrF2 = 100.00,BLEU = 32.16 83.3/60.0/25.0/16.7 (BP = 0.846 ratio = 0.857 hyp_len = 6 ref_len = 7),chrF2 = 57.54
36,45,Ho apprezzato molto il tuo aiuto.,1,I really appreciate your help.,0.762,0.7146,0.749,0.0,0.251,0.7146,0.766,0.0,0.234,0.762,0.2,0.2,0.2,0.1, POSITIVE (0.9579), POSITIVE (0.9699),0.2,0.2,0.2,0.1,I really appreciate your help.,I really appreciated your help.,0.762,0.7146,True,True,I really appreciate your help.,BLEU = 100.00 100.0/100.0/100.0/100.0 (BP = 1.000 ratio = 1.000 hyp_len = 6 ref_len = 6),chrF2 = 100.00,BLEU = 37.99 83.3/60.0/25.0/16.7 (BP = 1.000 ratio = 1.000 hyp_len = 6 ref_len = 6),chrF2 = 88.02
37,46,Una dolce carezza.,1,A sweet caress.,0.4588,0.4588,0.75,0.0,0.25,0.4588,0.75,0.0,0.25,0.4588,0.35,0.65,0.35,0.65, POSITIVE (0.9967), POSITIVE (0.9967),0.35,0.65,0.35,0.65,A sweet caress.,A sweet caress.,0.4588,0.4588,True,True,A sweet caress.,BLEU = 100.00 100.0/100.0/100.0/100.0 (BP = 1.000 ratio = 1.000 hyp_len = 4 ref_len = 4),chrF2 = 100.00,BLEU = 100.00 100.0/100.0/100.0/100.0 (BP = 1.000 ratio = 1.000 hyp_len = 4 ref_len = 4),chrF2 = 100.00
38,47,Il tuo regalo mi piace molto,1,I like your gift very much,0.7146,0.6597,0.643,0.0,0.357,0.6597,0.749,0.0,0.251,0.7146,0.26,0.26,0.2,0.2, POSITIVE (0.9747), POSITIVE (0.9868),0.26,0.26,0.2,0.2,I like your gift very much,I really like your gift,0.7146,0.6597,False,True,I really like your gift,BLEU = 32.47 66.7/40.0/25.0/16.7 (BP = 1.000 ratio = 1.200 hyp_len = 6 ref_len = 5),chrF2 = 59.20,BLEU = 100.00 100.0/100.0/100.0/100.0 (BP = 1.000 ratio = 1.000 hyp_len = 5 ref_len = 5),chrF2 = 100.00
39,48,Buon compleanno!,1,Happy birthday!,0.6114,0.6114,0.8,0.0,0.2,0.6114,0.8,0.0,0.2,0.6114,1.0,1.0,1.0,1.0, POSITIVE (0.9965), POSITIVE (0.9965),1.0,1.0,1.0,1.0,Happy birthday!,Happy birthday!,0.6114,0.6114,True,True,Happy birthday!,BLEU = 100.00 100.0/100.0/100.0/0.0 (BP = 1.000 ratio = 1.000 hyp_len = 3 ref_len = 3),chrF2 = 100.00,BLEU = 100.00 100.0/100.0/100.0/0.0 (BP = 1.000 ratio = 1.000 hyp_len = 3 ref_len = 3),chrF2 = 100.00
40,49,Felice anniversario!,1,Happy anniversary!,0.6114,0.6114,0.8,0.0,0.2,0.6114,0.8,0.0,0.2,0.6114,1.0,1.0,1.0,1.0, POSITIVE (0.998), POSITIVE (0.998),1.0,1.0,1.0,1.0,Happy anniversary!,Happy Anniversary!,0.6114,0.6114,True,True,Happy anniversary!,BLEU = 100.00 100.0/100.0/100.0/0.0 (BP = 1.000 ratio = 1.000 hyp_len = 3 ref_len = 3),chrF2 = 100.00,BLEU = 34.67 66.7/25.0/25.0/0.0 (BP = 1.000 ratio = 1.000 hyp_len = 3 ref_len = 3),chrF2 = 74.10
41,50,Congratulazioni!,1,Congratulations!,0.636,0.636,1.0,0.0,0.0,0.636,1.0,0.0,0.0,0.636,0.0,0.0,0.0,0.0, POSITIVE (0.9964), POSITIVE (0.9964),0.0,0.0,0.0,0.0,Congratulations!,Congratulations!,0.636,0.636,True,True,Congratulations!,BLEU = 100.00 100.0/100.0/0.0/0.0 (BP = 1.000 ratio = 1.000 hyp_len = 2 ref_len = 2),chrF2 = 100.00,BLEU = 100.00 100.0/100.0/0.0/0.0 (BP = 1.000 ratio = 1.000 hyp_len = 2 ref_len = 2),chrF2 = 100.00
42,51,Quando passeggio tra la natura mi sento sempre felice e rilassata,1,When I walk through nature I always feel happy and relaxed,0.7845,0.7845,0.496,0.0,0.504,0.7845,0.496,0.0,0.504,0.7845,0.8,1.0,0.8,1.0, POSITIVE (0.9978), POSITIVE (0.9976),0.8,1.0,0.8,1.0,When I walk through nature I always feel happy and relaxed,When I walk between nature I always feel happy and relaxed,0.7845,0.7845,True,True,When I walk through nature I always feel happy and relaxed,BLEU = 100.00 100.0/100.0/100.0/100.0 (BP = 1.000 ratio = 1.000 hyp_len = 11 ref_len = 11),chrF2 = 100.00,BLEU = 70.17 90.9/80.0/66.7/50.0 (BP = 1.000 ratio = 1.000 hyp_len = 11 ref_len = 11),chrF2 = 79.30
43,54,I bambini sono stati felici di andare al parco giochi. Si sono divertiti ad andare sulle giostre e a mangiare zucchero filato.,1,The kids were happy to go to the playground. They had fun going on rides and eating cotton candy.,0.7906,0.7906,0.292,0.0,0.708,0.7906,0.292,0.0,0.708,0.7906,0.55,0.6,0.55,0.6, POSITIVE (0.9957), POSITIVE (0.9963),0.55,0.6,0.55,0.6,The kids were happy to go to the playground. They had fun going on rides and eating cotton candy.,The children were happy to go to the playground.They had fun going to the rides and eating cotton candy.,0.7906,0.7906,True,False,The kids were happy to go to the playground. They had fun going on rides and eating cotton candy.,BLEU = 100.00 100.0/100.0/100.0/100.0 (BP = 1.000 ratio = 1.000 hyp_len = 21 ref_len = 21),chrF2 = 100.00,BLEU = 73.44 86.4/76.2/70.0/63.2 (BP = 1.000 ratio = 1.048 hyp_len = 22 ref_len = 21),chrF2 = 85.47
44,64,Sono arrabbiato,-1,I'm angry,-0.5106,-0.5106,0.0,0.767,0.233,-0.5106,0.0,0.767,0.233,-0.5106,-0.5,1.0,-0.5,1.0, NEGATIVE (0.9991), NEGATIVE (0.9985),-0.5,1.0,-0.5,1.0,I'm angry,I am angry,-0.5106,-0.5106,True,True,I'm angry,BLEU = 100.00 100.0/100.0/0.0/0.0 (BP = 1.000 ratio = 1.000 hyp_len = 2 ref_len = 2),chrF2 = 100.00,BLEU = 27.52 33.3/25.0/25.0/0.0 (BP = 1.000 ratio = 1.500 hyp_len = 3 ref_len = 2),chrF2 = 61.49
45,65,Che tristezza!,-1,How sad!,-0.5255,-0.5255,0.0,0.772,0.228,-0.5255,0.0,0.772,0.228,-0.5255,-0.625,1.0,-0.625,1.0, NEGATIVE (0.9996), NEGATIVE (0.9996),-0.625,1.0,-0.625,1.0,How sad!,How sad!,-0.5255,-0.5255,True,True,How sad!,BLEU = 100.00 100.0/100.0/100.0/0.0 (BP = 1.000 ratio = 1.000 hyp_len = 3 ref_len = 3),chrF2 = 100.00,BLEU = 100.00 100.0/100.0/100.0/0.0 (BP = 1.000 ratio = 1.000 hyp_len = 3 ref_len = 3),chrF2 = 100.00
46,67,Non mi piace quello che dici,-1,I don't like what you say.,-0.2755,-0.2755,0.0,0.345,0.655,-0.2755,0.0,0.345,0.655,-0.2755,0.0,0.0,0.0,0.0, NEGATIVE (0.9978), NEGATIVE (0.9978),0.0,0.0,0.0,0.0,I don't like what you say.,I don't like what you say,-0.2755,-0.2755,True,True,I don't like what you say.,BLEU = 100.00 100.0/100.0/100.0/100.0 (BP = 1.000 ratio = 1.000 hyp_len = 7 ref_len = 7),chrF2 = 100.00,BLEU = 84.65 100.0/100.0/100.0/100.0 (BP = 0.846 ratio = 0.857 hyp_len = 6 ref_len = 7),chrF2 = 95.59
47,68,Ho visto un film d'orrore ed ora ho paura,-1,I've seen a horror movie and now I'm scared,-0.5719,-0.765,0.0,0.524,0.476,-0.765,0.0,0.381,0.619,-0.5719,0.0,0.0,-0.6,0.9, NEGATIVE (0.6139), NEGATIVE (0.9993),0.0,0.0,-0.6,0.9,I've seen a horror movie and now I'm scared,I saw a horror movie and now I'm afraid,-0.5719,-0.765,False,True,I saw a horror movie and now I'm afraid,BLEU = 58.74 66.7/62.5/57.1/50.0 (BP = 1.000 ratio = 1.000 hyp_len = 9 ref_len = 9),chrF2 = 65.64,BLEU = 100.00 100.0/100.0/100.0/100.0 (BP = 1.000 ratio = 1.000 hyp_len = 9 ref_len = 9),chrF2 = 100.00
48,69,Sono molto triste,-1,I'm very sad,-0.5256,-0.5256,0.0,0.629,0.371,-0.5256,0.0,0.629,0.371,-0.5256,-0.65,1.0,-0.65,1.0, NEGATIVE (0.9989), NEGATIVE (0.9977),-0.65,1.0,-0.65,1.0,I'm very sad,I am very sad,-0.5256,-0.5256,False,True,I am very sad,BLEU = 39.43 66.7/50.0/50.0/0.0 (BP = 0.717 ratio = 0.750 hyp_len = 3 ref_len = 4),chrF2 = 73.48,BLEU = 100.00 100.0/100.0/100.0/100.0 (BP = 1.000 ratio = 1.000 hyp_len = 4 ref_len = 4),chrF2 = 100.00
49,70,Ho trascorso una giornataccia!,-1,I had a bad day!,0.0,-0.5848,0.0,0.655,0.345,-0.5848,0.0,0.0,1.0,0.0,-0.8749999999999998,0.6666666666666666,-0.125,0.1, NEGATIVE (0.9989), NEGATIVE (0.9993),-0.8749999999999998,0.6666666666666666,-0.125,0.1,I had a bad day!,I spent a day!,0.0,-0.5848,True,False,I had a bad day!,BLEU = 100.00 100.0/100.0/100.0/100.0 (BP = 1.000 ratio = 1.000 hyp_len = 6 ref_len = 6),chrF2 = 100.00,BLEU = 20.80 80.0/25.0/16.7/12.5 (BP = 0.819 ratio = 0.833 hyp_len = 5 ref_len = 6),chrF2 = 21.64
50,71,Il buio mi fa paura,-1,The dark scares me,-0.5267,-0.34,0.0,0.444,0.556,-0.34,0.0,0.688,0.312,-0.5267,-0.15,0.4,0.0,0.0, NEGATIVE (0.9831), NEGATIVE (0.9949),-0.15,0.4,0.0,0.0,The dark scares me,The darkness scares me,-0.5267,-0.34,True,False,The dark scares me,BLEU = 100.00 100.0/100.0/100.0/100.0 (BP = 1.000 ratio = 1.000 hyp_len = 4 ref_len = 4),chrF2 = 100.00,BLEU = 35.36 75.0/33.3/25.0/25.0 (BP = 1.000 ratio = 1.000 hyp_len = 4 ref_len = 4),chrF2 = 73.08
51,73,Che brutto!,-1,That's ugly!,-0.5848,-0.5562,0.0,0.782,0.218,-0.5562,0.0,0.791,0.209,-0.5848,-0.875,1.0,-0.8749999999999998,0.6666666666666666, NEGATIVE (0.9999), NEGATIVE (1.0),-0.875,1.0,-0.8749999999999998,0.6666666666666666,That's ugly!,How bad!,-0.5848,-0.5562,True,False,That's ugly!,BLEU = 100.00 100.0/100.0/100.0/0.0 (BP = 1.000 ratio = 1.000 hyp_len = 3 ref_len = 3),chrF2 = 100.00,BLEU = 27.52 33.3/25.0/25.0/0.0 (BP = 1.000 ratio = 1.000 hyp_len = 3 ref_len = 3),chrF2 = 3.27
52,74,Mi hai delusa,-1,You let me down.,-0.4767,0.0,0.0,0.0,1.0,0.0,0.0,0.608,0.392,-0.4767,-0.1555555555555555,0.2888888888888889,-0.75,0.75, POSITIVE (0.6654), NEGATIVE (0.9942),-0.1555555555555555,0.2888888888888889,-0.75,0.75,You let me down.,You disappointed me,-0.4767,0.0,True,False,You let me down.,BLEU = 100.00 100.0/100.0/100.0/100.0 (BP = 1.000 ratio = 1.000 hyp_len = 5 ref_len = 5),chrF2 = 100.00,BLEU = 17.80 66.7/25.0/25.0/0.0 (BP = 0.513 ratio = 0.600 hyp_len = 3 ref_len = 5),chrF2 = 18.70
53,75,Che delusione!,-1,What a disappointment!,-0.5562,-0.5562,0.0,0.782,0.218,-0.5562,0.0,0.782,0.218,-0.5562,-0.75,0.4,-0.75,0.4, NEGATIVE (1.0), NEGATIVE (1.0),-0.75,0.4,-0.75,0.4,What a disappointment!,What a disappointment!,-0.5562,-0.5562,True,True,What a disappointment!,BLEU = 100.00 100.0/100.0/100.0/100.0 (BP = 1.000 ratio = 1.000 hyp_len = 4 ref_len = 4),chrF2 = 100.00,BLEU = 100.00 100.0/100.0/100.0/100.0 (BP = 1.000 ratio = 1.000 hyp_len = 4 ref_len = 4),chrF2 = 100.00
54,76,Ho visto un film orribbile,-1,I've seen a horrible movie.,-0.5423,-0.5423,0.0,0.538,0.462,-0.5423,0.0,0.636,0.364,-0.5423,-1.0,1.0,-1.0,1.0, NEGATIVE (1.0), NEGATIVE (1.0),-1.0,1.0,-1.0,1.0,I've seen a horrible movie.,I saw a horrible movie,-0.5423,-0.5423,False,True,I saw a horrible movie,BLEU = 30.21 50.0/40.0/25.0/16.7 (BP = 1.000 ratio = 1.200 hyp_len = 6 ref_len = 5),chrF2 = 71.13,BLEU = 100.00 100.0/100.0/100.0/100.0 (BP = 1.000 ratio = 1.000 hyp_len = 5 ref_len = 5),chrF2 = 100.00
55,77,Ho letto un libro orribile e noioso,-1,I read a horrible and boring book,-0.7003,-0.7003,0.0,0.659,0.341,-0.7003,0.0,0.659,0.341,-0.7003,-1.0,1.0,-1.0,1.0, NEGATIVE (0.9999), NEGATIVE (0.9999),-1.0,1.0,-1.0,1.0,I read a horrible and boring book,I read a horrible and boring book,-0.7003,-0.7003,True,True,I read a horrible and boring book,BLEU = 100.00 100.0/100.0/100.0/100.0 (BP = 1.000 ratio = 1.000 hyp_len = 7 ref_len = 7),chrF2 = 100.00,BLEU = 100.00 100.0/100.0/100.0/100.0 (BP = 1.000 ratio = 1.000 hyp_len = 7 ref_len = 7),chrF2 = 100.00
56,78,Sei noioso!,-1,You're boring!,-0.3802,-0.3802,0.0,0.722,0.278,-0.3802,0.0,0.564,0.436,-0.3802,-1.0,1.0,-1.0,1.0, NEGATIVE (0.9999), NEGATIVE (0.9998),-1.0,1.0,-1.0,1.0,You're boring!,You are boring!,-0.3802,-0.3802,True,True,You're boring!,BLEU = 100.00 100.0/100.0/100.0/0.0 (BP = 1.000 ratio = 1.000 hyp_len = 3 ref_len = 3),chrF2 = 100.00,BLEU = 31.95 50.0/33.3/25.0/25.0 (BP = 1.000 ratio = 1.333 hyp_len = 4 ref_len = 3),chrF2 = 68.99
57,79,Che cattivo!,-1,What a villain!,-0.623,-0.5983,0.0,0.796,0.204,-0.5983,0.0,0.803,0.197,-0.623,0.0,0.0,-0.8749999999999998,0.6666666666666666, NEGATIVE (0.9906), NEGATIVE (0.9999),0.0,0.0,-0.8749999999999998,0.6666666666666666,What a villain!,So bad!,-0.623,-0.5983,True,False,What a villain!,BLEU = 100.00 100.0/100.0/100.0/100.0 (BP = 1.000 ratio = 1.000 hyp_len = 4 ref_len = 4),chrF2 = 100.00,BLEU = 19.72 33.3/25.0/25.0/0.0 (BP = 0.717 ratio = 0.750 hyp_len = 3 ref_len = 4),chrF2 = 2.87
58,80,Il cibo non era buono per niente,-1,The food was not good at all,-0.3412,-0.3412,0.0,0.286,0.714,-0.3412,0.0,0.286,0.714,-0.3412,-0.35,0.6000000000000001,-0.35,0.6000000000000001, NEGATIVE (0.9998), NEGATIVE (0.9998),-0.35,0.6000000000000001,-0.35,0.6000000000000001,The food was not good at all,The food was not good at all,-0.3412,-0.3412,True,True,The food was not good at all,BLEU = 100.00 100.0/100.0/100.0/100.0 (BP = 1.000 ratio = 1.000 hyp_len = 7 ref_len = 7),chrF2 = 100.00,BLEU = 100.00 100.0/100.0/100.0/100.0 (BP = 1.000 ratio = 1.000 hyp_len = 7 ref_len = 7),chrF2 = 100.00
59,81,Che cosa disgustosa!,-1,That's disgusting!,-0.5707,-0.5707,0.0,0.787,0.213,-0.5707,0.0,0.787,0.213,-0.5707,-1.0,1.0,-1.0,1.0, NEGATIVE (1.0), NEGATIVE (1.0),-1.0,1.0,-1.0,1.0,That's disgusting!,What disgusting!,-0.5707,-0.5707,True,False,That's disgusting!,BLEU = 100.00 100.0/100.0/100.0/0.0 (BP = 1.000 ratio = 1.000 hyp_len = 3 ref_len = 3),chrF2 = 100.00,BLEU = 55.03 66.7/50.0/50.0/0.0 (BP = 1.000 ratio = 1.000 hyp_len = 3 ref_len = 3),chrF2 = 65.98
60,82,Odio camminare da sola di sera,-1,I hate to walk alone at night,-0.6908,-0.6908,0.0,0.588,0.412,-0.6908,0.0,0.588,0.412,-0.6908,-0.8,0.9,-0.8,0.9, NEGATIVE (0.6118), NEGATIVE (0.9979),-0.8,0.9,-0.8,0.9,I hate to walk alone at night,I hate walking alone in the evening,-0.6908,-0.6908,False,True,I hate walking alone in the evening,BLEU = 14.54 42.9/16.7/10.0/6.2 (BP = 1.000 ratio = 1.000 hyp_len = 7 ref_len = 7),chrF2 = 28.78,BLEU = 100.00 100.0/100.0/100.0/100.0 (BP = 1.000 ratio = 1.000 hyp_len = 7 ref_len = 7),chrF2 = 100.00
61,83,Ho visto un orso e mi sono spaventata a morte,-1,I saw a bear and I got scared to death,-0.7783,-0.7783,0.0,0.576,0.424,-0.7783,0.0,0.63,0.37,-0.7783,0.0,0.0,0.0,0.0, NEGATIVE (0.9988), NEGATIVE (1.0),0.0,0.0,0.0,0.0,I saw a bear and I got scared to death,I saw a bear and I frightened to death,-0.7783,-0.7783,True,False,I saw a bear and I got scared to death,BLEU = 100.00 100.0/100.0/100.0/100.0 (BP = 1.000 ratio = 1.000 hyp_len = 10 ref_len = 10),chrF2 = 100.00,BLEU = 59.12 88.9/75.0/57.1/50.0 (BP = 0.895 ratio = 0.900 hyp_len = 9 ref_len = 10),chrF2 = 64.82
62,85,Mi sento male,-1,I feel sick,-0.5423,-0.5106,0.0,0.767,0.233,-0.5106,0.0,0.778,0.222,-0.5423,-0.7142857142857143,0.8571428571428571,-0.6999999999999998,0.6666666666666666, NEGATIVE (0.9999), NEGATIVE (0.9999),-0.7142857142857143,0.8571428571428571,-0.6999999999999998,0.6666666666666666,I feel sick,I feel bad,-0.5423,-0.5106,True,False,I feel sick,BLEU = 100.00 100.0/100.0/100.0/0.0 (BP = 1.000 ratio = 1.000 hyp_len = 3 ref_len = 3),chrF2 = 100.00,BLEU = 55.03 66.7/50.0/50.0/0.0 (BP = 1.000 ratio = 1.000 hyp_len = 3 ref_len = 3),chrF2 = 34.59
63,86,Mi sento solo,-1,I feel lonely,-0.25,-0.3612,0.0,0.714,0.286,-0.3612,0.0,0.667,0.333,-0.25,-0.0999999999999999,0.7,0.0,0.0, NEGATIVE (0.9874), NEGATIVE (0.6724),-0.0999999999999999,0.7,0.0,0.0,I feel lonely,I feel alone,-0.25,-0.3612,True,False,I feel lonely,BLEU = 100.00 100.0/100.0/100.0/0.0 (BP = 1.000 ratio = 1.000 hyp_len = 3 ref_len = 3),chrF2 = 100.00,BLEU = 55.03 66.7/50.0/50.0/0.0 (BP = 1.000 ratio = 1.000 hyp_len = 3 ref_len = 3),chrF2 = 44.13
64,87,Detesto il mio lavoro,-1,I hate my job.,-0.5719,-0.5719,0.0,0.649,0.351,-0.5719,0.0,0.649,0.351,-0.5719,-0.8,0.9,-0.8,0.9, NEGATIVE (0.9999), NEGATIVE (1.0),-0.8,0.9,-0.8,0.9,I hate my job.,I hate my work,-0.5719,-0.5719,True,False,I hate my job.,BLEU = 100.00 100.0/100.0/100.0/100.0 (BP = 1.000 ratio = 1.000 hyp_len = 5 ref_len = 5),chrF2 = 100.00,BLEU = 46.31 75.0/66.7/50.0/50.0 (BP = 0.779 ratio = 0.800 hyp_len = 4 ref_len = 5),chrF2 = 52.41
65,88,Non ti sopporto proprio!,-1,I just can't stand you!,0.0,0.0,0.0,0.0,1.0,0.0,0.0,0.0,1.0,0.0,0.0,0.0,0.0,0.0, NEGATIVE (0.9996), NEGATIVE (0.9998),0.0,0.0,0.0,0.0,I just can't stand you!,I can't stand you!,0.0,0.0,False,True,I can't stand you!,BLEU = 53.73 83.3/60.0/50.0/33.3 (BP = 1.000 ratio = 1.200 hyp_len = 6 ref_len = 5),chrF2 = 87.31,BLEU = 100.00 100.0/100.0/100.0/100.0 (BP = 1.000 ratio = 1.000 hyp_len = 5 ref_len = 5),chrF2 = 100.00
66,89,Hai una brutta cera!,-1,You look bad!,-0.5848,-0.5848,0.0,0.655,0.345,-0.5848,0.0,0.558,0.442,-0.5848,-0.8749999999999998,0.6666666666666666,-0.8749999999999998,0.6666666666666666, NEGATIVE (0.9998), NEGATIVE (0.9999),-0.8749999999999998,0.6666666666666666,-0.8749999999999998,0.6666666666666666,You look bad!,You have a bad wax!,-0.5848,-0.5848,True,False,You look bad!,BLEU = 100.00 100.0/100.0/100.0/100.0 (BP = 1.000 ratio = 1.000 hyp_len = 4 ref_len = 4),chrF2 = 100.00,BLEU = 10.68 50.0/10.0/6.2/4.2 (BP = 1.000 ratio = 1.500 hyp_len = 6 ref_len = 4),chrF2 = 19.46
67,90,Temo il tempo che passa,-1,I fear the passing of time,-0.4939,-0.4939,0.0,0.444,0.556,-0.4939,0.0,0.444,0.556,-0.4939,0.0,0.0,0.0,0.0, NEGATIVE (0.9971), NEGATIVE (0.9972),0.0,0.0,0.0,0.0,I fear the passing of time,I fear the time that passes,-0.4939,-0.4939,True,False,I fear the passing of time,BLEU = 100.00 100.0/100.0/100.0/100.0 (BP = 1.000 ratio = 1.000 hyp_len = 6 ref_len = 6),chrF2 = 100.00,BLEU = 32.47 66.7/40.0/25.0/16.7 (BP = 1.000 ratio = 1.000 hyp_len = 6 ref_len = 6),chrF2 = 45.36
68,91,Non ti amo,-1,I don't love you,-0.5216,-0.5216,0.0,0.627,0.373,-0.5216,0.0,0.529,0.471,-0.5216,0.5,0.6,-0.25,0.6, NEGATIVE (0.9924), NEGATIVE (0.9989),-0.25,0.6,-0.25,0.6,I don't love you,I do not love you,-0.5216,-0.5216,True,False,I don't love you,BLEU = 100.00 100.0/100.0/100.0/100.0 (BP = 1.000 ratio = 1.000 hyp_len = 4 ref_len = 4),chrF2 = 100.00,BLEU = 23.64 60.0/25.0/16.7/12.5 (BP = 1.000 ratio = 1.250 hyp_len = 5 ref_len = 4),chrF2 = 65.05
69,97,Detesto le bugie,-1,I hate lies,-0.7579,-0.7579,0.0,1.0,0.0,-0.7579,0.0,0.867,0.133,-0.7579,-0.8,0.9,-0.8,0.9, NEGATIVE (0.8527), NEGATIVE (0.9958),-0.8,0.9,-0.8,0.9,I hate lies,I hate the lies,-0.7579,-0.7579,True,False,I hate lies,BLEU = 100.00 100.0/100.0/100.0/0.0 (BP = 1.000 ratio = 1.000 hyp_len = 3 ref_len = 3),chrF2 = 100.00,BLEU = 35.36 75.0/33.3/25.0/25.0 (BP = 1.000 ratio = 1.333 hyp_len = 4 ref_len = 3),chrF2 = 60.38
70,99,Disapprovo la tua scelta!,-1,I disapprove of your choice!,0.0,0.0,0.0,0.0,1.0,0.0,0.0,0.0,1.0,0.0,0.0,0.0,0.0,0.0, NEGATIVE (0.9966), NEGATIVE (0.9966),0.0,0.0,0.0,0.0,I disapprove of your choice!,I disapprove of your choice!,0.0,0.0,True,True,I disapprove of your choice!,BLEU = 100.00 100.0/100.0/100.0/100.0 (BP = 1.000 ratio = 1.000 hyp_len = 6 ref_len = 6),chrF2 = 100.00,BLEU = 100.00 100.0/100.0/100.0/100.0 (BP = 1.000 ratio = 1.000 hyp_len = 6 ref_len = 6),chrF2 = 100.00
71,100,Non ci sopportiamo a vicenda,-1,We can't stand each other,0.0,0.0,0.0,0.0,1.0,0.0,0.0,0.0,1.0,0.0,-0.125,0.375,-0.125,0.375, NEGATIVE (0.9998), NEGATIVE (0.699),-0.125,0.375,-0.125,0.375,We can't stand each other,We don't endure each other,0.0,0.0,True,False,We can't stand each other,BLEU = 100.00 100.0/100.0/100.0/100.0 (BP = 1.000 ratio = 1.000 hyp_len = 5 ref_len = 5),chrF2 = 100.00,BLEU = 23.64 60.0/25.0/16.7/12.5 (BP = 1.000 ratio = 1.000 hyp_len = 5 ref_len = 5),chrF2 = 43.88
72,101,Disprezzo il tuo comportamento,-1,I despise your behavior,0.0,-0.34,0.0,0.545,0.455,-0.34,0.0,0.0,1.0,0.0,0.0,0.0,0.0,0.0, NEGATIVE (0.9998), NEGATIVE (0.9821),0.0,0.0,0.0,0.0,I despise your behavior,DISCOZZA YOUR COME,0.0,-0.34,True,False,I despise your behavior,BLEU = 100.00 100.0/100.0/100.0/100.0 (BP = 1.000 ratio = 1.000 hyp_len = 4 ref_len = 4),chrF2 = 100.00,BLEU = 0.00 0.0/0.0/0.0/0.0 (BP = 0.717 ratio = 0.750 hyp_len = 3 ref_len = 4),chrF2 = 0.87
73,102,Che brutto regalo!,-1,What a bad gift!,-0.2244,-0.2244,0.377,0.493,0.13,-0.2244,0.377,0.493,0.13,-0.2244,-0.8749999999999998,0.6666666666666666,-0.8749999999999998,0.6666666666666666, NEGATIVE (0.9996), NEGATIVE (0.9996),-0.8749999999999998,0.6666666666666666,-0.8749999999999998,0.6666666666666666,What a bad gift!,What a bad gift!,-0.2244,-0.2244,False,False,What an ugly gift!,BLEU = 23.64 60.0/25.0/16.7/12.5 (BP = 1.000 ratio = 1.000 hyp_len = 5 ref_len = 5),chrF2 = 38.05,BLEU = 23.64 60.0/25.0/16.7/12.5 (BP = 1.000 ratio = 1.000 hyp_len = 5 ref_len = 5),chrF2 = 38.05
74,103,Mi hai ferito profondamente,-1,You hurt me deeply,0.0,-0.5267,0.0,0.531,0.469,-0.5267,0.0,0.0,1.0,0.0,0.0,0.4,0.0,0.4, NEGATIVE (0.9985), NEGATIVE (0.9983),0.0,0.4,0.0,0.4,You hurt me deeply,You wounded me deeply,0.0,-0.5267,True,False,You hurt me deeply,BLEU = 100.00 100.0/100.0/100.0/100.0 (BP = 1.000 ratio = 1.000 hyp_len = 4 ref_len = 4),chrF2 = 100.00,BLEU = 35.36 75.0/33.3/25.0/25.0 (BP = 1.000 ratio = 1.000 hyp_len = 4 ref_len = 4),chrF2 = 48.76
75,104,Sei proprio una brutta persona,-1,You're such a bad person.,-0.5849,-0.5423,0.0,0.538,0.462,-0.5423,0.0,0.487,0.513,-0.5849,-0.3499999999999999,0.5833333333333333,-0.6999999999999998,0.6666666666666666, NEGATIVE (0.999), NEGATIVE (0.9998),-0.3499999999999999,0.5833333333333333,-0.6999999999999998,0.6666666666666666,You're such a bad person.,You are really a bad person,-0.5849,-0.5423,False,True,You are really a bad person,BLEU = 30.21 50.0/40.0/25.0/16.7 (BP = 1.000 ratio = 1.000 hyp_len = 6 ref_len = 6),chrF2 = 45.44,BLEU = 100.00 100.0/100.0/100.0/100.0 (BP = 1.000 ratio = 1.000 hyp_len = 6 ref_len = 6),chrF2 = 100.00
76,105,Sei un incapace!,-1,You're a fool!,-0.4389,-0.4926,0.0,0.761,0.239,-0.4926,0.0,0.491,0.509,-0.4389,0.0,0.0,0.0,0.0, NEGATIVE (0.9989), NEGATIVE (0.9556),0.0,0.0,0.0,0.0,You're a fool!,You are an incapable!,-0.4389,-0.4926,True,False,You're a fool!,BLEU = 100.00 100.0/100.0/100.0/100.0 (BP = 1.000 ratio = 1.000 hyp_len = 4 ref_len = 4),chrF2 = 100.00,BLEU = 10.68 20.0/12.5/8.3/6.2 (BP = 1.000 ratio = 1.250 hyp_len = 5 ref_len = 4),chrF2 = 18.54
77,106,Sei un inetto!,-1,You're inept!,0.0,0.0,0.0,0.0,1.0,0.0,0.0,0.0,1.0,0.0,0.0,0.0,0.0,0.0, NEGATIVE (0.9999), NEGATIVE (0.9999),0.0,0.0,0.0,0.0,You're inept!,You are an inept!,0.0,0.0,False,True,You are an inept!,BLEU = 28.25 66.7/50.0/50.0/0.0 (BP = 0.513 ratio = 0.600 hyp_len = 3 ref_len = 5),chrF2 = 41.38,BLEU = 100.00 100.0/100.0/100.0/100.0 (BP = 1.000 ratio = 1.000 hyp_len = 5 ref_len = 5),chrF2 = 100.00
78,107,Buono a nulla!,-1,Good for nothing!,0.4926,0.4926,0.615,0.0,0.385,0.4926,0.615,0.0,0.385,0.4926,0.875,0.6000000000000001,0.875,0.6000000000000001, NEGATIVE (0.9984), NEGATIVE (0.9984),0.875,0.6000000000000001,0.875,0.6000000000000001,Good for nothing!,Good for nothing!,0.4926,0.4926,True,True,Good for nothing!,BLEU = 100.00 100.0/100.0/100.0/100.0 (BP = 1.000 ratio = 1.000 hyp_len = 4 ref_len = 4),chrF2 = 100.00,BLEU = 100.00 100.0/100.0/100.0/100.0 (BP = 1.000 ratio = 1.000 hyp_len = 4 ref_len = 4),chrF2 = 100.00
79,108,Sei un egoista!,-1,You're selfish!,0.0,-0.5255,0.0,0.772,0.228,-0.5255,0.0,0.0,1.0,0.0,-0.625,1.0,0.0,0.0, NEGATIVE (0.9956), NEGATIVE (0.9788),-0.625,1.0,0.0,0.0,You're selfish!,You are an egoist!,0.0,-0.5255,True,False,You're selfish!,BLEU = 100.00 100.0/100.0/100.0/0.0 (BP = 1.000 ratio = 1.000 hyp_len = 3 ref_len = 3),chrF2 = 100.00,BLEU = 10.68 20.0/12.5/8.3/6.2 (BP = 1.000 ratio = 1.667 hyp_len = 5 ref_len = 3),chrF2 = 16.98
80,109,Che rabbia!,-1,What a rage!,-0.6114,-0.5983,0.0,0.796,0.204,-0.5983,0.0,0.8,0.2,-0.6114,0.0,0.0,-0.875,0.2, POSITIVE (0.6224), NEGATIVE (0.9481),0.0,0.0,-0.875,0.2,What a rage!,That anger!,-0.6114,-0.5983,True,False,What a rage!,BLEU = 100.00 100.0/100.0/100.0/100.0 (BP = 1.000 ratio = 1.000 hyp_len = 4 ref_len = 4),chrF2 = 100.00,BLEU = 19.72 33.3/25.0/25.0/0.0 (BP = 0.717 ratio = 0.750 hyp_len = 3 ref_len = 4),chrF2 = 27.29
81,111,Che persona scortese!,-1,What a rude person!,-0.5093,-0.5093,0.0,0.622,0.378,-0.5093,0.0,0.622,0.378,-0.5093,-0.375,0.6,-0.375,0.6, NEGATIVE (0.9996), NEGATIVE (0.9996),-0.375,0.6,-0.375,0.6,What a rude person!,What a rude person!,-0.5093,-0.5093,True,True,What a rude person!,BLEU = 100.00 100.0/100.0/100.0/100.0 (BP = 1.000 ratio = 1.000 hyp_len = 5 ref_len = 5),chrF2 = 100.00,BLEU = 100.00 100.0/100.0/100.0/100.0 (BP = 1.000 ratio = 1.000 hyp_len = 5 ref_len = 5),chrF2 = 100.00
82,113,Sei un essere abominevole.,-1,You are an abominable being.,0.0,0.0,0.0,0.0,1.0,0.0,0.0,0.0,1.0,0.0,0.0,0.0,0.0,0.0, NEGATIVE (0.9382), NEGATIVE (0.9382),0.0,0.0,0.0,0.0,You are an abominable being.,You are an abominable being.,0.0,0.0,True,True,You are an abominable being.,BLEU = 100.00 100.0/100.0/100.0/100.0 (BP = 1.000 ratio = 1.000 hyp_len = 6 ref_len = 6),chrF2 = 100.00,BLEU = 100.00 100.0/100.0/100.0/100.0 (BP = 1.000 ratio = 1.000 hyp_len = 6 ref_len = 6),chrF2 = 100.00
83,116,In questo momento mi sento piuttosto calma non provo emozioni forti,0,Right now I feel rather calm I don't feel strong emotions,-0.0281,-0.1032,0.192,0.225,0.583,-0.1032,0.181,0.189,0.63,-0.0281,0.3396825396825396,0.673015873015873,0.3666666666666667,0.7416666666666667, NEGATIVE (0.9849), POSITIVE (0.9558),0.3396825396825396,0.673015873015873,0.3666666666666667,0.7416666666666667,Right now I feel rather calm I don't feel strong emotions,At this moment I feel quite calm I do not feel strong emotions,-0.0281,-0.1032,True,False,Right now I feel rather calm I don't feel strong emotions,BLEU = 100.00 100.0/100.0/100.0/100.0 (BP = 1.000 ratio = 1.000 hyp_len = 11 ref_len = 11),chrF2 = 100.00,BLEU = 16.90 53.8/33.3/9.1/5.0 (BP = 1.000 ratio = 1.182 hyp_len = 13 ref_len = 11),chrF2 = 57.14
84,117,"A me interessa poco chi vince il campionato, le squadre per me sono tutte uguali",0,"I care little who wins the championship, the teams for me are all the same",0.6399,0.8598,0.464,0.0,0.536,0.8598,0.277,0.102,0.62,0.6399,0.0375,0.2749999999999999,0.2346153846153846,0.3032051282051282, POSITIVE (0.8892), NEGATIVE (1.0),0.0375,0.2749999999999999,0.2346153846153846,0.3032051282051282,"I care little who wins the championship, the teams for me are all the same","I am not very interested in those who win the championship, the teams are all the same for me",0.6399,0.8598,False,True,"I am not very interested in those who win the championship, the teams are all the same for me",BLEU = 33.86 81.2/53.3/35.7/23.1 (BP = 0.779 ratio = 0.800 hyp_len = 16 ref_len = 20),chrF2 = 58.23,BLEU = 100.00 100.0/100.0/100.0/100.0 (BP = 1.000 ratio = 1.000 hyp_len = 20 ref_len = 20),chrF2 = 100.00
85,118,"Mi piacciono tutti i tipi di cibo, non ho preferenza",0,"I like all kinds of food, I have no preference",0.0772,0.0772,0.234,0.206,0.561,0.0772,0.234,0.206,0.561,0.0772,0.0,0.0,0.0,0.0, POSITIVE (0.7221), POSITIVE (0.6723),0.0,0.0,0.0,0.0,"I like all kinds of food, I have no preference","I like all types of food, I have no preference",0.0772,0.0772,True,False,"I like all kinds of food, I have no preference",BLEU = 100.00 100.0/100.0/100.0/100.0 (BP = 1.000 ratio = 1.000 hyp_len = 11 ref_len = 11),chrF2 = 100.00,BLEU = 70.17 90.9/80.0/66.7/50.0 (BP = 1.000 ratio = 1.000 hyp_len = 11 ref_len = 11),chrF2 = 80.87
86,119,Mi ritengo una persona equa e senza pregiudizi,0,I consider myself a fair and unprejudiced person,0.5621,0.3182,0.315,0.0,0.685,0.3182,0.537,0.0,0.463,0.5621,0.7,0.9,0.7,0.9, NEGATIVE (0.596), POSITIVE (0.9871),0.7,0.9,0.7,0.9,I consider myself a fair and unprejudiced person,I consider myself a fair person without prejudices,0.5621,0.3182,False,True,I consider myself a fair person without prejudices,BLEU = 54.11 75.0/57.1/50.0/40.0 (BP = 1.000 ratio = 1.000 hyp_len = 8 ref_len = 8),chrF2 = 68.55,BLEU = 100.00 100.0/100.0/100.0/100.0 (BP = 1.000 ratio = 1.000 hyp_len = 8 ref_len = 8),chrF2 = 100.00
87,120,Non mi lascio mai influenzare da quello che pensano gli altri.,0,I never let myself be influenced by what other people think.,0.0,0.0,0.0,0.0,1.0,0.0,0.0,0.0,1.0,0.0,-0.125,0.375,0.0,0.0, POSITIVE (0.976), POSITIVE (0.9705),-0.125,0.375,0.0,0.0,I never let myself be influenced by what other people think.,I never let myself be influenced by what others think.,0.0,0.0,False,True,I never let myself be influenced by what others think.,BLEU = 67.04 83.3/72.7/60.0/55.6 (BP = 1.000 ratio = 1.091 hyp_len = 12 ref_len = 11),chrF2 = 89.48,BLEU = 100.00 100.0/100.0/100.0/100.0 (BP = 1.000 ratio = 1.000 hyp_len = 11 ref_len = 11),chrF2 = 100.00
88,121,Il film ha presentato l'argomento in una maniera molto logica e neutrale,0,The film presented the subject in a very logical and neutral way,0.0,0.0,0.0,0.0,1.0,0.0,0.0,0.0,1.0,0.0,0.0791666666666666,0.3291666666666666,0.325,0.325, POSITIVE (0.9974), POSITIVE (0.9987),0.0791666666666666,0.3291666666666666,0.325,0.325,The film presented the subject in a very logical and neutral way,The film presented the topic in a very logical and neutral way,0.0,0.0,True,True,The film presented the subject in a very logical and neutral way,BLEU = 100.00 100.0/100.0/100.0/100.0 (BP = 1.000 ratio = 1.000 hyp_len = 12 ref_len = 12),chrF2 = 100.00,BLEU = 73.49 91.7/81.8/70.0/55.6 (BP = 1.000 ratio = 1.000 hyp_len = 12 ref_len = 12),chrF2 = 82.33
89,123,"Alla fine dei conti puoi fare quello che desideri, a me non interessa molto.",0,"At the end of the day, you can do whatever you want, I don't really care.",-0.3244,-0.3705,0.076,0.166,0.758,-0.3705,0.077,0.155,0.768,-0.3244,0.2,0.2,0.2,0.2, NEGATIVE (0.9999), NEGATIVE (0.9999),-0.1,0.2,0.2,0.2,"At the end of the day, you can do whatever you want, I don't really care.","At the end of the accounts you can do what you want, I don't care much.",-0.3244,-0.3705,True,False,"At the end of the day, you can do whatever you want, I don't really care.",BLEU = 100.00 100.0/100.0/100.0/100.0 (BP = 1.000 ratio = 1.000 hyp_len = 19 ref_len = 19),chrF2 = 100.00,BLEU = 46.26 83.3/58.8/43.8/26.7 (BP = 0.946 ratio = 0.947 hyp_len = 18 ref_len = 19),chrF2 = 60.75
90,125,Non ho preferenze su cosa fare stasera,0,I have no preference on what to do tonight,-0.296,-0.296,0.0,0.239,0.761,-0.296,0.0,0.239,0.761,-0.296,0.0,0.0,0.0,0.0, NEGATIVE (0.9961), NEGATIVE (0.9994),0.0,0.0,0.0,0.0,I have no preference on what to do tonight,I have no preferences on what to do tonight,-0.296,-0.296,True,True,I have no preference on what to do tonight,BLEU = 100.00 100.0/100.0/100.0/100.0 (BP = 1.000 ratio = 1.000 hyp_len = 9 ref_len = 9),chrF2 = 100.00,BLEU = 59.69 88.9/75.0/57.1/33.3 (BP = 1.000 ratio = 1.000 hyp_len = 9 ref_len = 9),chrF2 = 91.17
91,126,"Non ho mai favorito nessuno studente, per me sono tutti uguali",0,"I've never favored any student, they're all the same to me",-0.3252,-0.3252,0.0,0.189,0.811,-0.3252,0.0,0.175,0.825,-0.3252,-0.2,0.5125,-0.2,0.5125, NEGATIVE (0.9475), NEGATIVE (0.7685),-0.2,0.5125,-0.2,0.5125,"I've never favored any student, they're all the same to me","I have never favored any student, for me they are all the same",-0.3252,-0.3252,False,True,"I have never favored any student, for me they are all the same",BLEU = 36.96 75.0/54.5/40.0/22.2 (BP = 0.846 ratio = 0.857 hyp_len = 12 ref_len = 14),chrF2 = 73.58,BLEU = 100.00 100.0/100.0/100.0/100.0 (BP = 1.000 ratio = 1.000 hyp_len = 14 ref_len = 14),chrF2 = 100.00
92,127,Alcune persone non mostrano alcuna emozione,0,Some people don't show any emotion,0.0,0.0,0.0,0.0,1.0,0.0,0.0,0.0,1.0,0.0,0.0,0.0,0.0,0.0, NEGATIVE (0.9929), NEGATIVE (0.9874),0.0,0.0,0.0,0.0,Some people don't show any emotion,Some people do not show any emotion,0.0,0.0,True,True,Some people don't show any emotion,BLEU = 100.00 100.0/100.0/100.0/100.0 (BP = 1.000 ratio = 1.000 hyp_len = 6 ref_len = 6),chrF2 = 100.00,BLEU = 30.74 71.4/50.0/20.0/12.5 (BP = 1.000 ratio = 1.167 hyp_len = 7 ref_len = 6),chrF2 = 86.32
93,129,"Sembra essere un tipo molto disinvolto, non si lasciare influenzare da nulla",0,"He seems to be a very casual guy, he doesn't let anything influence him.",0.2716,0.2716,0.149,0.0,0.851,0.2716,0.122,0.0,0.878,0.2716,-0.6500000000000001,1.0,-0.6500000000000001,1.0, POSITIVE (0.7872), POSITIVE (0.6068),-0.6500000000000001,1.0,-0.6500000000000001,1.0,"He seems to be a very casual guy, he doesn't let anything influence him.","It seems to be a very casual guy, he does not let himself be influenced by anything",0.2716,0.2716,True,False,"He seems to be a very casual guy, he doesn't let anything influence him.",BLEU = 100.00 100.0/100.0/100.0/100.0 (BP = 1.000 ratio = 1.000 hyp_len = 16 ref_len = 16),chrF2 = 100.00,BLEU = 47.36 61.1/47.1/43.8/40.0 (BP = 1.000 ratio = 1.125 hyp_len = 18 ref_len = 16),chrF2 = 74.25
94,131,I due si lasciarano senza emozione,0,The two leave without emotion,-0.0516,-0.0516,0.0,0.231,0.769,-0.0516,0.0,0.231,0.769,-0.0516,0.0,0.0,0.0,0.0, POSITIVE (0.6613), POSITIVE (0.6613),0.0,0.0,0.0,0.0,The two leave without emotion,The two leave without emotion,-0.0516,-0.0516,False,False,They bid goodbye without showing any emotion,BLEU = 8.52 40.0/12.5/8.3/6.2 (BP = 0.670 ratio = 0.714 hyp_len = 5 ref_len = 7),chrF2 = 34.23,BLEU = 8.52 40.0/12.5/8.3/6.2 (BP = 0.670 ratio = 0.714 hyp_len = 5 ref_len = 7),chrF2 = 34.23
95,133,In questo caso entrambe le parti hanno deciso di venire ad un compromesso,0,In this case both sides decided to come to a compromise,0.0,0.0,0.0,0.0,1.0,0.0,0.0,0.0,1.0,0.0,0.0,0.0,0.0,0.0, POSITIVE (0.5808), POSITIVE (0.8226),0.0,0.0,0.0,0.0,In this case both sides decided to come to a compromise,In this case both sides have decided to come to a compromise,0.0,0.0,True,True,In this case both sides decided to come to a compromise,BLEU = 100.00 100.0/100.0/100.0/100.0 (BP = 1.000 ratio = 1.000 hyp_len = 11 ref_len = 11),chrF2 = 100.00,BLEU = 73.49 91.7/81.8/70.0/55.6 (BP = 1.000 ratio = 1.091 hyp_len = 12 ref_len = 11),chrF2 = 92.21
96,134,Dopo aver visto il film abbiamo scoperto che la protagonista era un aliena,0,After watching the film we discovered that the protagonist was an alien,0.0,0.0,0.0,0.0,1.0,0.0,0.0,0.0,1.0,0.0,-0.25,0.75,-0.25,0.75, NEGATIVE (0.9661), NEGATIVE (0.9767),-0.25,0.75,-0.25,0.75,After watching the film we discovered that the protagonist was an alien,After seeing the film we discovered that the protagonist was an alien,0.0,0.0,True,False,After watching the film we discovered that the protagonist was an alien,BLEU = 100.00 100.0/100.0/100.0/100.0 (BP = 1.000 ratio = 1.000 hyp_len = 12 ref_len = 12),chrF2 = 100.00,BLEU = 82.65 91.7/81.8/80.0/77.8 (BP = 1.000 ratio = 1.000 hyp_len = 12 ref_len = 12),chrF2 = 87.46
97,135,La musica american attrae sempre molti giovani italiani,0,American music always attracts many young Italians,0.4019,0.4019,0.31,0.0,0.69,0.4019,0.31,0.0,0.69,0.4019,0.1999999999999999,0.3,0.1999999999999999,0.3, POSITIVE (0.9987), POSITIVE (0.9987),0.1999999999999999,0.3,0.1999999999999999,0.3,American music always attracts many young Italians,American music always attracts many young Italians,0.4019,0.4019,True,True,American music always attracts many young Italians,BLEU = 100.00 100.0/100.0/100.0/100.0 (BP = 1.000 ratio = 1.000 hyp_len = 7 ref_len = 7),chrF2 = 100.00,BLEU = 100.00 100.0/100.0/100.0/100.0 (BP = 1.000 ratio = 1.000 hyp_len = 7 ref_len = 7),chrF2 = 100.00
98,136,Ieri sono andata a cena in un ristorante giapponese,0,Yesterday I went to dinner at a Japanese restaurant,0.0,0.0,0.0,0.0,1.0,0.0,0.0,0.0,1.0,0.0,0.0,0.0,0.0,0.0, NEGATIVE (0.58), POSITIVE (0.8285),0.0,0.0,0.0,0.0,Yesterday I went to dinner at a Japanese restaurant,Yesterday I went to dinner in a Japanese restaurant,0.0,0.0,True,True,Yesterday I went to dinner at a Japanese restaurant,BLEU = 100.00 100.0/100.0/100.0/100.0 (BP = 1.000 ratio = 1.000 hyp_len = 9 ref_len = 9),chrF2 = 100.00,BLEU = 59.69 88.9/75.0/57.1/33.3 (BP = 1.000 ratio = 1.000 hyp_len = 9 ref_len = 9),chrF2 = 88.69
99,137,Oggi sono andata dal dentista,0,Today I went to the dentist,0.0,0.0,0.0,0.0,1.0,0.0,0.0,0.0,1.0,0.0,0.0,0.0,0.0,0.0, NEGATIVE (0.8822), NEGATIVE (0.8822),0.0,0.0,0.0,0.0,Today I went to the dentist,Today I went to the dentist,0.0,0.0,True,True,Today I went to the dentist,BLEU = 100.00 100.0/100.0/100.0/100.0 (BP = 1.000 ratio = 1.000 hyp_len = 6 ref_len = 6),chrF2 = 100.00,BLEU = 100.00 100.0/100.0/100.0/100.0 (BP = 1.000 ratio = 1.000 hyp_len = 6 ref_len = 6),chrF2 = 100.00
100,138,I miei amici sono venuti a farmi visita,0,My friends came to visit me,0.4767,0.4767,0.383,0.0,0.617,0.4767,0.383,0.0,0.617,0.4767,0.0,0.0,0.0,0.0, POSITIVE (0.9811), POSITIVE (0.9811),0.0,0.0,0.0,0.0,My friends came to visit me,My friends came to visit me,0.4767,0.4767,True,True,My friends came to visit me,BLEU = 100.00 100.0/100.0/100.0/100.0 (BP = 1.000 ratio = 1.000 hyp_len = 6 ref_len = 6),chrF2 = 100.00,BLEU = 100.00 100.0/100.0/100.0/100.0 (BP = 1.000 ratio = 1.000 hyp_len = 6 ref_len = 6),chrF2 = 100.00
101,139,Ho mangiato una mela a colazione,0,I ate an apple for breakfast,0.0,0.0,0.0,0.0,1.0,0.0,0.0,0.0,1.0,0.0,0.0,0.0,0.0,0.0, POSITIVE (0.9546), POSITIVE (0.9546),0.0,0.0,0.0,0.0,I ate an apple for breakfast,I ate an apple for breakfast,0.0,0.0,True,True,I ate an apple for breakfast,BLEU = 100.00 100.0/100.0/100.0/100.0 (BP = 1.000 ratio = 1.000 hyp_len = 6 ref_len = 6),chrF2 = 100.00,BLEU = 100.00 100.0/100.0/100.0/100.0 (BP = 1.000 ratio = 1.000 hyp_len = 6 ref_len = 6),chrF2 = 100.00
102,140,Lo studente ha finalmente finito la sua tesi,0,The student has finally finished his thesis,0.0,0.0,0.0,0.0,1.0,0.0,0.0,0.0,1.0,0.0,0.0,1.0,0.0,1.0, POSITIVE (0.9838), POSITIVE (0.8369),0.0,1.0,0.0,1.0,The student has finally finished his thesis,The student finally finished his thesis,0.0,0.0,False,False,The student has finally finished his dissertation,BLEU = 80.91 85.7/83.3/80.0/75.0 (BP = 1.000 ratio = 1.000 hyp_len = 7 ref_len = 7),chrF2 = 74.87,BLEU = 32.16 83.3/60.0/25.0/16.7 (BP = 0.846 ratio = 0.857 hyp_len = 6 ref_len = 7),chrF2 = 62.41
103,141,Domani partiamo per andare in Italia,0,Tomorrow we leave to go to Italy,-0.0516,-0.0516,0.0,0.167,0.833,-0.0516,0.0,0.167,0.833,-0.0516,0.0,0.0,0.0,0.0, NEGATIVE (0.5591), NEGATIVE (0.5591),0.0,0.0,0.0,0.0,Tomorrow we leave to go to Italy,Tomorrow we leave to go to Italy,-0.0516,-0.0516,True,True,Tomorrow we leave to go to Italy,BLEU = 100.00 100.0/100.0/100.0/100.0 (BP = 1.000 ratio = 1.000 hyp_len = 7 ref_len = 7),chrF2 = 100.00,BLEU = 100.00 100.0/100.0/100.0/100.0 (BP = 1.000 ratio = 1.000 hyp_len = 7 ref_len = 7),chrF2 = 100.00
104,143,La settimana prossima non lavoro,0,I don't work next week,0.0,0.0,0.0,0.0,1.0,0.0,0.0,0.0,1.0,0.0,0.0,0.0,0.0,0.0, NEGATIVE (0.9951), NEGATIVE (0.9997),0.0,0.0,0.0,0.0,I don't work next week,Next week I don't work,0.0,0.0,True,False,I don't work next week,BLEU = 100.00 100.0/100.0/100.0/100.0 (BP = 1.000 ratio = 1.000 hyp_len = 5 ref_len = 5),chrF2 = 100.00,BLEU = 42.73 80.0/50.0/33.3/25.0 (BP = 1.000 ratio = 1.000 hyp_len = 5 ref_len = 5),chrF2 = 75.90
105,144,Siamo ritornati ieri dall'Italia,0,We returned yesterday from Italy,0.0,0.0,0.0,0.0,1.0,0.0,0.0,0.0,1.0,0.0,0.0,0.0,0.0,0.0, NEGATIVE (0.9646), NEGATIVE (0.9646),0.0,0.0,0.0,0.0,We returned yesterday from Italy,We returned yesterday from Italy,0.0,0.0,False,False,We came back yesterday from Italy,BLEU = 34.98 80.0/50.0/33.3/25.0 (BP = 0.819 ratio = 0.833 hyp_len = 5 ref_len = 6),chrF2 = 63.01,BLEU = 34.98 80.0/50.0/33.3/25.0 (BP = 0.819 ratio = 0.833 hyp_len = 5 ref_len = 6),chrF2 = 63.01
106,145,Oggi ho conosciuto il fidanzato di mia sorella,0,Today I met my sister's boyfriend,0.0,0.0,0.0,0.0,1.0,0.0,0.0,0.0,1.0,0.0,0.0,0.0,0.0,0.0, POSITIVE (0.9875), POSITIVE (0.9875),0.0,0.0,0.0,0.0,Today I met my sister's boyfriend,Today I met my sister's boyfriend,0.0,0.0,True,True,Today I met my sister's boyfriend,BLEU = 100.00 100.0/100.0/100.0/100.0 (BP = 1.000 ratio = 1.000 hyp_len = 6 ref_len = 6),chrF2 = 100.00,BLEU = 100.00 100.0/100.0/100.0/100.0 (BP = 1.000 ratio = 1.000 hyp_len = 6 ref_len = 6),chrF2 = 100.00
107,146,Il dipartimento di italiano ha assunto un nuovo professore,0,The Department of Italian has hired a new professor,0.0,0.0,0.0,0.0,1.0,0.0,0.0,0.0,1.0,0.0,0.0681818181818181,0.2272727272727272,0.0681818181818181,0.2272727272727272, POSITIVE (0.9783), POSITIVE (0.991),0.0681818181818181,0.2272727272727272,0.0681818181818181,0.2272727272727272,The Department of Italian has hired a new professor,The Italian Department has taken on a new professor,0.0,0.0,True,False,The Department of Italian has hired a new professor,BLEU = 100.00 100.0/100.0/100.0/100.0 (BP = 1.000 ratio = 1.000 hyp_len = 9 ref_len = 9),chrF2 = 100.00,BLEU = 21.93 77.8/25.0/14.3/8.3 (BP = 1.000 ratio = 1.000 hyp_len = 9 ref_len = 9),chrF2 = 60.62
108,147,Ho comprato una nuova borsa,0,I bought a new bag,0.0,0.0,0.0,0.0,1.0,0.0,0.0,0.0,1.0,0.0,0.1363636363636363,0.4545454545454545,0.1363636363636363,0.4545454545454545, NEGATIVE (0.683), NEGATIVE (0.683),0.1363636363636363,0.4545454545454545,0.1363636363636363,0.4545454545454545,I bought a new bag,I bought a new bag,0.0,0.0,True,True,I bought a new bag,BLEU = 100.00 100.0/100.0/100.0/100.0 (BP = 1.000 ratio = 1.000 hyp_len = 5 ref_len = 5),chrF2 = 100.00,BLEU = 100.00 100.0/100.0/100.0/100.0 (BP = 1.000 ratio = 1.000 hyp_len = 5 ref_len = 5),chrF2 = 100.00
109,148,Ieri sera non ho cenato,0,I didn't have dinner last night.,0.0,0.0,0.0,0.0,1.0,0.0,0.0,0.0,1.0,0.0,0.0,0.0666666666666666,0.0,0.0666666666666666, NEGATIVE (0.7894), NEGATIVE (0.7398),0.0,0.0666666666666666,0.0,0.0666666666666666,I didn't have dinner last night.,I didn't have dinner last night,0.0,0.0,True,True,I didn't have dinner last night.,BLEU = 100.00 100.0/100.0/100.0/100.0 (BP = 1.000 ratio = 1.000 hyp_len = 7 ref_len = 7),chrF2 = 100.00,BLEU = 84.65 100.0/100.0/100.0/100.0 (BP = 0.846 ratio = 0.857 hyp_len = 6 ref_len = 7),chrF2 = 96.69
110,149,Ci sono molti parchi nel mio vicinato,0,There are many parks in my neighborhood,0.0,0.0,0.0,0.0,1.0,0.0,0.0,0.0,1.0,0.0,0.5,0.5,0.5,0.5, POSITIVE (0.9989), POSITIVE (0.9989),0.5,0.5,0.5,0.5,There are many parks in my neighborhood,There are many parks in my neighborhood,0.0,0.0,True,True,There are many parks in my neighborhood,BLEU = 100.00 100.0/100.0/100.0/100.0 (BP = 1.000 ratio = 1.000 hyp_len = 7 ref_len = 7),chrF2 = 100.00,BLEU = 100.00 100.0/100.0/100.0/100.0 (BP = 1.000 ratio = 1.000 hyp_len = 7 ref_len = 7),chrF2 = 100.00
111,152,Il mio amico ha scritto quattro libri su Dante,0,My friend wrote four books about Dante,0.4939,0.4939,0.348,0.0,0.652,0.4939,0.348,0.0,0.652,0.4939,0.0,0.0,0.0,0.0, POSITIVE (0.9974), POSITIVE (0.9985),0.0,0.0,0.0,0.0,My friend wrote four books about Dante,My friend wrote four books on Dante,0.4939,0.4939,False,True,My friend wrote four books on Dante,BLEU = 64.35 85.7/66.7/60.0/50.0 (BP = 1.000 ratio = 1.000 hyp_len = 7 ref_len = 7),chrF2 = 81.27,BLEU = 100.00 100.0/100.0/100.0/100.0 (BP = 1.000 ratio = 1.000 hyp_len = 7 ref_len = 7),chrF2 = 100.00
112,153,Abbiamo comprato una nuova macchina,0,We bought a new car,0.0,0.0,0.0,0.0,1.0,0.0,0.0,0.0,1.0,0.0,0.1363636363636363,0.4545454545454545,0.1363636363636363,0.4545454545454545, POSITIVE (0.9949), POSITIVE (0.9949),0.1363636363636363,0.4545454545454545,0.1363636363636363,0.4545454545454545,We bought a new car,We bought a new car,0.0,0.0,True,True,We bought a new car,BLEU = 100.00 100.0/100.0/100.0/100.0 (BP = 1.000 ratio = 1.000 hyp_len = 5 ref_len = 5),chrF2 = 100.00,BLEU = 100.00 100.0/100.0/100.0/100.0 (BP = 1.000 ratio = 1.000 hyp_len = 5 ref_len = 5),chrF2 = 100.00
113,154,Marco e Giulia arrivano domani,0,Marco and Giulia arrive tomorrow,0.0,0.0,0.0,0.0,1.0,0.0,0.0,0.0,1.0,0.0,0.0,0.0,0.0,0.0, POSITIVE (0.9932), POSITIVE (0.9932),0.0,0.0,0.0,0.0,Marco and Giulia arrive tomorrow,Marco and Giulia arrive tomorrow,0.0,0.0,True,True,Marco and Giulia arrive tomorrow,BLEU = 100.00 100.0/100.0/100.0/100.0 (BP = 1.000 ratio = 1.000 hyp_len = 5 ref_len = 5),chrF2 = 100.00,BLEU = 100.00 100.0/100.0/100.0/100.0 (BP = 1.000 ratio = 1.000 hyp_len = 5 ref_len = 5),chrF2 = 100.00
114,155,Filippo ha sette anni,0,Philip is seven years old,0.0,0.0,0.0,0.0,1.0,0.0,0.0,0.0,1.0,0.0,0.1,0.2,0.1,0.2, POSITIVE (0.6268), POSITIVE (0.6529),0.1,0.2,0.1,0.2,Philip is seven years old,Filippo is seven years old,0.0,0.0,False,True,Filippo is seven years old,BLEU = 66.87 80.0/75.0/66.7/50.0 (BP = 1.000 ratio = 1.000 hyp_len = 5 ref_len = 5),chrF2 = 72.52,BLEU = 100.00 100.0/100.0/100.0/100.0 (BP = 1.000 ratio = 1.000 hyp_len = 5 ref_len = 5),chrF2 = 100.00
115,156,Il sei settembre inizia la scuola,0,"On September 6, school begins",0.0,0.0,0.0,0.0,1.0,0.0,0.0,0.0,1.0,0.0,0.0,0.0,0.0,0.0, POSITIVE (0.9645), POSITIVE (0.9636),0.0,0.0,0.0,0.0,"On September 6, school begins",Six September begins school,0.0,0.0,False,False,School begins on September six.,BLEU = 9.65 33.3/10.0/6.2/4.2 (BP = 1.000 ratio = 1.000 hyp_len = 6 ref_len = 6),chrF2 = 66.34,BLEU = 11.52 50.0/16.7/12.5/12.5 (BP = 0.607 ratio = 0.667 hyp_len = 4 ref_len = 6),chrF2 = 54.21
116,157,Giovanna ha scelto di giocare a calcio,0,Giovanna chose to play football,0.34,0.34,0.375,0.0,0.625,0.34,0.375,0.0,0.625,0.34,0.0,0.0,0.0,0.0, POSITIVE (0.8796), POSITIVE (0.8796),0.0,0.0,0.0,0.0,Giovanna chose to play football,Giovanna chose to play football,0.34,0.34,False,False,Giovanna chose to play soccer,BLEU = 66.87 80.0/75.0/66.7/50.0 (BP = 1.000 ratio = 1.000 hyp_len = 5 ref_len = 5),chrF2 = 72.55,BLEU = 66.87 80.0/75.0/66.7/50.0 (BP = 1.000 ratio = 1.000 hyp_len = 5 ref_len = 5),chrF2 = 72.55
117,158,Ieri siamo andati allo stadio a vedere una partita di calcio,0,Yesterday we went to the stadium to watch a football match,0.0,0.0,0.0,0.0,1.0,0.0,0.0,0.0,1.0,0.0,0.0,0.0,0.0,0.0, POSITIVE (0.9109), POSITIVE (0.8358),0.0,0.0,0.0,0.0,Yesterday we went to the stadium to watch a football match,Yesterday we went to the stadium to see a football match,0.0,0.0,False,False,Yesterday we went to the stadium to watch a soccer game,BLEU = 78.61 81.8/80.0/77.8/75.0 (BP = 1.000 ratio = 1.000 hyp_len = 11 ref_len = 11),chrF2 = 76.83,BLEU = 59.00 72.7/60.0/55.6/50.0 (BP = 1.000 ratio = 1.000 hyp_len = 11 ref_len = 11),chrF2 = 68.35
118,159,A dicembre vado in Italia,0,I'm going to Italy in December,0.0,0.0,0.0,0.0,1.0,0.0,0.0,0.0,1.0,0.0,0.0,0.0,0.0,0.0, POSITIVE (0.9077), POSITIVE (0.5516),0.0,0.0,0.0,0.0,I'm going to Italy in December,In December I go to Italy,0.0,0.0,True,False,I'm going to Italy in December,BLEU = 100.00 100.0/100.0/100.0/100.0 (BP = 1.000 ratio = 1.000 hyp_len = 6 ref_len = 6),chrF2 = 100.00,BLEU = 17.97 50.0/20.0/12.5/8.3 (BP = 1.000 ratio = 1.000 hyp_len = 6 ref_len = 6),chrF2 = 53.02
119,160,In estate siamo stati al lago,0,In the summer we stayed at the lake,0.0,0.0,0.0,0.0,1.0,0.0,0.0,0.0,1.0,0.0,0.0,0.0,0.0,0.0, POSITIVE (0.5117), POSITIVE (0.5117),0.0,0.0,0.0,0.0,In the summer we stayed at the lake,In the summer we stayed at the lake,0.0,0.0,False,False,In the summer we went to the lake,BLEU = 41.11 75.0/57.1/33.3/20.0 (BP = 1.000 ratio = 1.000 hyp_len = 8 ref_len = 8),chrF2 = 64.60,BLEU = 41.11 75.0/57.1/33.3/20.0 (BP = 1.000 ratio = 1.000 hyp_len = 8 ref_len = 8),chrF2 = 64.60
120,161,Ho cucinato pasta al sugo,0,I cooked pasta with gravy,0.0,0.0,0.0,0.0,1.0,0.0,0.0,0.0,1.0,0.0,0.0,0.0,0.0,0.0, POSITIVE (0.9996), POSITIVE (0.985),0.0,0.0,0.0,0.0,I cooked pasta with gravy,I cooked pasta pasta,0.0,0.0,False,False,I cooked pasta with tomatoe sauce,BLEU = 54.75 80.0/75.0/66.7/50.0 (BP = 0.819 ratio = 0.833 hyp_len = 5 ref_len = 6),chrF2 = 56.43,BLEU = 36.06 75.0/66.7/50.0/50.0 (BP = 0.607 ratio = 0.667 hyp_len = 4 ref_len = 6),chrF2 = 43.05
121,162,Abbiamo deciso di cambiare casa,0,We decided to change homes.,0.0,0.0,0.0,0.0,1.0,0.0,0.0,0.0,1.0,0.0,0.0,0.0,0.0,0.0, NEGATIVE (0.9076), NEGATIVE (0.9718),0.0,0.0,0.0,0.0,We decided to change homes.,We decided to change the house,0.0,0.0,False,False,We decided to move,BLEU = 30.21 50.0/40.0/25.0/16.7 (BP = 1.000 ratio = 1.500 hyp_len = 6 ref_len = 4),chrF2 = 63.81,BLEU = 30.21 50.0/40.0/25.0/16.7 (BP = 1.000 ratio = 1.500 hyp_len = 6 ref_len = 4),chrF2 = 60.04
122,163,Giocare a calcio aiuta a stare in forma,0,Playing football helps you stay fit,0.7579,0.7096,0.697,0.0,0.303,0.7096,0.714,0.0,0.286,0.7579,0.4,0.4,0.4,0.4, POSITIVE (0.9969), POSITIVE (0.9883),0.4,0.4,0.4,0.4,Playing football helps you stay fit,Play football helps to stay fit,0.7579,0.7096,False,False,Plauing soccer helps to stay fit,BLEU = 17.97 50.0/20.0/12.5/8.3 (BP = 1.000 ratio = 1.000 hyp_len = 6 ref_len = 6),chrF2 = 36.93,BLEU = 50.81 66.7/60.0/50.0/33.3 (BP = 1.000 ratio = 1.000 hyp_len = 6 ref_len = 6),chrF2 = 51.51
123,166,Domani cambio casa,0,I'm changing houses tomorrow.,0.0,0.0,0.0,0.0,1.0,0.0,0.0,0.0,1.0,0.0,0.0,0.0,0.0,0.0, POSITIVE (0.7875), POSITIVE (0.9162),0.0,0.0,0.0,0.0,I'm changing houses tomorrow.,Tomorrow I change home,0.0,0.0,False,False,Tomorrow I am moving,BLEU = 0.00 0.0/0.0/0.0/0.0 (BP = 1.000 ratio = 1.250 hyp_len = 5 ref_len = 4),chrF2 = 35.88,BLEU = 31.95 50.0/33.3/25.0/25.0 (BP = 1.000 ratio = 1.000 hyp_len = 4 ref_len = 4),chrF2 = 48.67
124,167,I miei amici si sono trasferiti in una nuova casa,0,My friends moved into a new home,0.4767,0.4767,0.383,0.0,0.617,0.4767,0.383,0.0,0.617,0.4767,0.1363636363636363,0.4545454545454545,0.1363636363636363,0.4545454545454545, POSITIVE (0.9995), POSITIVE (0.9931),0.1363636363636363,0.4545454545454545,0.1363636363636363,0.4545454545454545,My friends moved into a new home,My friends moved to a new house,0.4767,0.4767,False,True,My friends moved to a new house,BLEU = 30.74 71.4/50.0/20.0/12.5 (BP = 1.000 ratio = 1.000 hyp_len = 7 ref_len = 7),chrF2 = 74.84,BLEU = 100.00 100.0/100.0/100.0/100.0 (BP = 1.000 ratio = 1.000 hyp_len = 7 ref_len = 7),chrF2 = 100.00
125,168,L'anno prossimo cambio auto,0,Next year car change,0.0,0.0,0.0,0.0,1.0,0.0,0.0,0.0,1.0,0.0,0.0,0.0,0.0,0.0, NEGATIVE (0.5304), NEGATIVE (0.5304),0.0,0.0,0.0,0.0,Next year car change,Next year car change,0.0,0.0,False,False,Next year Ill buy a new car.,BLEU = 13.01 75.0/33.3/25.0/25.0 (BP = 0.368 ratio = 0.500 hyp_len = 4 ref_len = 8),chrF2 = 35.77,BLEU = 13.01 75.0/33.3/25.0/25.0 (BP = 0.368 ratio = 0.500 hyp_len = 4 ref_len = 8),chrF2 = 35.77
