,Number,Italian,Original,English_opus-mt-tc-big-it-en,English_Google,rating_score,rating_opus-mt,NLTKPositive,NLTKNegative,NLTKNeutral,NLTKSentiment,NLTKPositive-G,NLTKNegative-G,NLTKNeutral-G,NLTKSentiment-G,TextblobSentimentPolarity,TextblobSentimentSubjectivity,TextblobSentimentPolarity-G,TextblobSentimentSubjectivity-G,FlairSentiment,FlairSentiment-G,PatternSentimentPolarity,PatternSentimentSubjectivity,PatternSentimentPolarity-G,PatternSentimentSubjectivity-G
0,0,General /commonly used Italian sentences -Positive,1,General /commonly used Italian sentences -Positive,General /commonly used Italian sentences -Positive,0.5859,0.5859,0.545,0.0,0.455,0.5859,0.545,0.0,0.455,0.5859,0.09242424242424242,0.34848484848484845,0.09242424242424242,0.34848484848484845, POSITIVE (0.9862), POSITIVE (0.9862),0.09242424242424242,0.34848484848484845,0.09242424242424242,0.34848484848484845
1,1,Sono felice,1,I'm happy,I'm happy,0.5719,0.5719,0.787,0.0,0.213,0.5719,0.787,0.0,0.213,0.5719,0.8,1.0,0.8,1.0, POSITIVE (0.9925), POSITIVE (0.9925),0.8,1.0,0.8,1.0
2,2,Ieri alla festa mi sono divertita molto,1,Yesterday at the party I had a lot of fun,Yesterday at the party I had a lot of fun,0.7184,0.7184,0.5,0.0,0.5,0.7184,0.5,0.0,0.5,0.7184,0.3,0.2,0.3,0.2, POSITIVE (0.9973), POSITIVE (0.9973),0.3,0.2,0.3,0.2
3,3,ÃÂ stato bello parlare con te,1,It was nice talking to you,It has been nice talking to you,0.4215,0.4215,0.359,0.0,0.641,0.4215,0.318,0.0,0.682,0.4215,0.6,1.0,0.6,1.0, POSITIVE (0.916), POSITIVE (0.959),0.6,1.0,0.6,1.0
4,4,Ho trascorso una bella serata,1,I had a nice evening,I spent a nice evening,0.4215,0.4215,0.583,0.0,0.417,0.4215,0.583,0.0,0.417,0.4215,0.6,1.0,0.25,0.55, POSITIVE (0.9569), POSITIVE (0.9474),0.6,1.0,0.25,0.55
5,5,Oggi ÃÂ¨ una giornata serena,1,Today is a peaceful day,Today is a peaceful day,0.4939,0.4939,0.516,0.0,0.484,0.4939,0.516,0.0,0.484,0.4939,0.25,0.5,0.25,0.5, POSITIVE (0.989), POSITIVE (0.989),0.25,0.5,0.25,0.5
6,6,Sono al settimo cielo!,1,I'm in seventh heaven!,I'm in seventh heaven!,0.5562,0.5562,0.545,0.0,0.455,0.5562,0.545,0.0,0.455,0.5562,0.0,0.0,0.0,0.0, POSITIVE (0.9856), POSITIVE (0.9856),0.0,0.0,0.0,0.0
7,7,Ho il cuore pieno di gioia,1,My heart is full of joy,I have my heart full of joy,0.5859,0.5859,0.432,0.0,0.568,0.5859,0.432,0.0,0.568,0.5859,0.575,0.375,0.575,0.375, POSITIVE (0.997), POSITIVE (0.9957),0.575,0.375,0.575,0.375
8,8,Sono innamorata,1,I'm in love,I'm in love,0.6369,0.6369,0.677,0.0,0.323,0.6369,0.677,0.0,0.323,0.6369,0.5,0.6,0.5,0.6, POSITIVE (0.9987), POSITIVE (0.9987),0.5,0.6,0.5,0.6
9,9,Hai un bellissimo sorriso,1,You have a beautiful smile,You have a beautiful smile,0.7506,0.7506,0.762,0.0,0.238,0.7506,0.762,0.0,0.238,0.7506,0.575,0.55,0.575,0.55, POSITIVE (0.9973), POSITIVE (0.9973),0.575,0.55,0.575,0.55
10,10,Che begli occhi!,1,What beautiful eyes!,Nice eyes!,0.4753,0.636,0.677,0.0,0.323,0.636,0.756,0.0,0.244,0.4753,1.0,1.0,0.75,1.0, POSITIVE (0.9992), POSITIVE (0.9987),1.0,1.0,0.75,1.0
11,11,Che bella ragazza!,1,What a beautiful girl!,What a pretty girl!,0.5411,0.636,0.677,0.0,0.323,0.636,0.636,0.0,0.364,0.5411,1.0,1.0,0.3125,1.0, POSITIVE (0.998), POSITIVE (0.9997),1.0,1.0,0.3125,1.0
12,12,Sei una persona fortunata,1,You're a lucky person.,You are a lucky person,0.4215,0.4215,0.583,0.0,0.417,0.4215,0.483,0.0,0.517,0.4215,0.3333333333333333,0.8333333333333334,0.3333333333333333,0.8333333333333334, POSITIVE (0.9995), POSITIVE (0.9996),0.3333333333333333,0.8333333333333334,0.3333333333333333,0.8333333333333334
13,13,Che bello averti incontrato,1,It's so good to have met you.,How nice to have met you,0.4215,0.4927,0.347,0.0,0.653,0.4927,0.359,0.0,0.641,0.4215,0.7,0.6000000000000001,0.6,1.0, POSITIVE (0.9977), POSITIVE (0.999),0.7,0.6000000000000001,0.6,1.0
14,14,Mi piace molto il mio lavoro,1,I really like my job.,I really like my job,0.4201,0.4201,0.482,0.0,0.518,0.4201,0.482,0.0,0.518,0.4201,0.2,0.2,0.2,0.2, POSITIVE (0.9934), POSITIVE (0.9903),0.2,0.2,0.2,0.2
15,15,Sei una brava persona,1,You're a good person,You're a good person,0.4404,0.4404,0.592,0.0,0.408,0.4404,0.592,0.0,0.408,0.4404,0.7,0.6000000000000001,0.7,0.6000000000000001, POSITIVE (0.9962), POSITIVE (0.9962),0.7,0.6000000000000001,0.7,0.6000000000000001
16,16,Mi piace tanto studiare,1,I like to study so much,I really like studying,0.4201,0.3612,0.385,0.0,0.615,0.3612,0.583,0.0,0.417,0.4201,0.2,0.2,0.2,0.2, POSITIVE (0.9536), POSITIVE (0.9815),0.2,0.2,0.2,0.2
17,17,Sono soddisfatto,1,I'm satisfied,I'm satisfied,0.4215,0.4215,0.737,0.0,0.263,0.4215,0.737,0.0,0.263,0.4215,0.5,1.0,0.5,1.0, POSITIVE (0.9938), POSITIVE (0.9938),0.5,1.0,0.5,1.0
18,18,Ho fatto un bel sogno,1,I had a good dream,I had a nice dream,0.5859,0.5994,0.831,0.0,0.169,0.5994,0.828,0.0,0.172,0.5859,0.7,0.6000000000000001,0.6,1.0, POSITIVE (0.9646), POSITIVE (0.9519),0.7,0.6000000000000001,0.6,1.0
19,19,Che dolce emozione!,1,What a sweet emotion!,What a sweet emotion!,0.5093,0.5093,0.622,0.0,0.378,0.5093,0.622,0.0,0.378,0.5093,0.4375,0.65,0.4375,0.65, POSITIVE (0.9996), POSITIVE (0.9996),0.4375,0.65,0.4375,0.65
20,20,Il pranzo ÃÂ¨ stato delizioso,1,Lunch was delicious,Lunch was delicious,0.5719,0.5719,0.649,0.0,0.351,0.5719,0.649,0.0,0.351,0.5719,1.0,1.0,1.0,1.0, POSITIVE (0.9937), POSITIVE (0.9937),1.0,1.0,1.0,1.0
21,21,Il pane ÃÂ¨ buono,1,Bread is good,The bread is good,0.4404,0.4404,0.592,0.0,0.408,0.4404,0.492,0.0,0.508,0.4404,0.7,0.6000000000000001,0.7,0.6000000000000001, POSITIVE (0.9947), POSITIVE (0.9946),0.7,0.6000000000000001,0.7,0.6000000000000001
22,22,Abbracciare rende felici,1,Embracing makes you happy,Embracing makes it happy,0.5719,0.5719,0.552,0.0,0.448,0.5719,0.552,0.0,0.448,0.5719,0.8,1.0,0.8,1.0, POSITIVE (0.9964), POSITIVE (0.9955),0.8,1.0,0.8,1.0
23,23,L'abbraccio fa bene al cuore,1,Embrace is good for the heart,The embrace is good for the heart,0.6369,0.6369,0.565,0.0,0.435,0.6369,0.51,0.0,0.49,0.6369,0.7,0.6000000000000001,0.7,0.6000000000000001, POSITIVE (0.9942), POSITIVE (0.9931),0.7,0.6000000000000001,0.7,0.6000000000000001
24,24,Avere un buon amico rende la vita piÃÂ¹ bella,1,Having a good friend makes life more beautiful,Having a good friend makes life more beautiful,0.8832,0.8832,0.72,0.0,0.28,0.8832,0.72,0.0,0.28,0.8832,0.6833333333333332,0.7000000000000001,0.6833333333333332,0.7000000000000001, POSITIVE (0.9985), POSITIVE (0.9985),0.6833333333333332,0.7000000000000001,0.6833333333333332,0.7000000000000001
25,25,Che bel sole!,1,What a beautiful sun!,What a beautiful sun!,0.636,0.636,0.677,0.0,0.323,0.636,0.677,0.0,0.323,0.636,1.0,1.0,1.0,1.0, POSITIVE (0.9995), POSITIVE (0.9995),1.0,1.0,1.0,1.0
26,26,Ho visto un bel film romantico,1,I've seen a good romantic movie.,I saw a nice romantic movie,0.6705,0.6808,0.651,0.0,0.349,0.6808,0.733,0.0,0.267,0.6705,0.35,0.55,0.3,0.75, POSITIVE (0.9781), POSITIVE (0.802),0.35,0.55,0.3,0.75
27,27,Ottima notizia!,1,Good news!,Excellent news!,0.6114,0.4926,0.761,0.0,0.239,0.4926,0.8,0.0,0.2,0.6114,0.875,0.6000000000000001,1.0,1.0, POSITIVE (0.9928), POSITIVE (0.9949),0.875,0.6000000000000001,1.0,1.0
28,28,La mia squadra del cuore ha vinto.,1,My favorite team won.,My heart team won.,0.5719,0.7717,0.77,0.0,0.23,0.7717,0.552,0.0,0.448,0.5719,0.5,1.0,0.0,0.0, POSITIVE (0.9985), POSITIVE (0.9991),0.5,1.0,0.0,0.0
29,29,Ho letto un libro molto interessante,1,I read a very interesting book,I read a very interesting book,0.4576,0.4576,0.499,0.0,0.501,0.4576,0.499,0.0,0.501,0.4576,0.65,0.65,0.65,0.65, POSITIVE (0.9795), POSITIVE (0.9795),0.65,0.65,0.65,0.65
30,30,Guardare il tramonto mi emoziona sempre,1,Watching the sunset always excites me,Watch the sunset always excites me,0.4767,0.4767,0.383,0.0,0.617,0.4767,0.383,0.0,0.617,0.4767,0.0,0.0,0.0,0.0, POSITIVE (0.9992), POSITIVE (0.9993),0.0,0.0,0.0,0.0
31,31,Sei raggiante!,1,You're glowing!,You are radiant!,0.5255,0.0,0.0,0.0,1.0,0.0,0.629,0.0,0.371,0.5255,0.0,0.0,0.0,0.0, POSITIVE (0.9999), POSITIVE (0.9997),0.0,0.0,0.0,0.0
32,32,Che persona brillante!,1,What a brilliant person!,What a brilliant person!,0.6239,0.6239,0.672,0.0,0.328,0.6239,0.672,0.0,0.328,0.6239,1.0,1.0,1.0,1.0, POSITIVE (0.9991), POSITIVE (0.9991),1.0,1.0,1.0,1.0
33,33,ÃÂ stata una vacanza da sogno!,1,It was a dream vacation!,It was a dream holiday!,0.6114,0.3164,0.433,0.0,0.567,0.3164,0.714,0.0,0.286,0.6114,0.0,0.0,0.0,0.0, POSITIVE (0.9955), POSITIVE (0.9957),0.0,0.0,0.0,0.0
34,34,Ti voglio molto bene,1,I love you very much,I love you very much,0.6369,0.6369,0.583,0.0,0.417,0.6369,0.583,0.0,0.417,0.6369,0.38,0.43,0.38,0.43, POSITIVE (0.9882), POSITIVE (0.9882),0.38,0.43,0.38,0.43
35,35,Che gioia!,1,What a joy!,What a joy!,0.6239,0.6239,0.804,0.0,0.196,0.6239,0.804,0.0,0.196,0.6239,1.0,0.2,1.0,0.2, POSITIVE (0.9992), POSITIVE (0.9992),1.0,0.2,1.0,0.2
36,36,Dai sempre il meglio di te!,1,Always give the best of you!,You always give the best of you!,0.6696,0.6696,0.473,0.0,0.527,0.6696,0.428,0.0,0.572,0.6696,1.0,0.3,1.0,0.3, POSITIVE (0.9983), POSITIVE (0.9979),1.0,0.3,1.0,0.3
37,37,ÃÂ bello essere spensierati,1,It's good to be carefree,It's nice to be carefree,0.6705,0.6808,0.651,0.0,0.349,0.6808,0.647,0.0,0.353,0.6705,0.7,0.6000000000000001,0.6,1.0, POSITIVE (0.9964), POSITIVE (0.9939),0.7,0.6000000000000001,0.6,1.0
38,38, Sei una persona molto dolce,1,You're a very sweet person,You are a very sweet person,0.5095,0.5095,0.523,0.0,0.477,0.5095,0.452,0.0,0.548,0.5095,0.45499999999999996,0.8450000000000001,0.45499999999999996,0.8450000000000001, POSITIVE (0.9994), POSITIVE (0.9989),0.45499999999999996,0.8450000000000001,0.45499999999999996,0.8450000000000001
39,39,Ho fatto una bella corsa.,1,I had a good run.,I made a good race.,0.4404,0.4404,0.592,0.0,0.408,0.4404,0.592,0.0,0.408,0.4404,0.7,0.6000000000000001,0.7,0.6000000000000001, POSITIVE (0.9715), POSITIVE (0.9958),0.7,0.6000000000000001,0.7,0.6000000000000001
40,40,Sono stata in un posto bellissimo,1,I've been to a beautiful place,I was in a beautiful place,0.5994,0.5994,0.494,0.0,0.506,0.5994,0.565,0.0,0.435,0.5994,0.85,1.0,0.85,1.0, POSITIVE (0.9972), POSITIVE (0.9945),0.85,1.0,0.85,1.0
41,41,Sei una persona di successo,1,You are a successful person,You are a successful person,0.5859,0.5859,0.559,0.0,0.441,0.5859,0.559,0.0,0.441,0.5859,0.75,0.95,0.75,0.95, POSITIVE (0.9899), POSITIVE (0.9899),0.75,0.95,0.75,0.95
42,42,Meriti tutto il bene del mondo!,1,You deserve all the good in the world!,You deserve the whole good of the world!,0.4926,0.4926,0.313,0.0,0.687,0.4926,0.313,0.0,0.687,0.4926,0.875,0.6000000000000001,0.5375,0.5, POSITIVE (0.9872), POSITIVE (0.9663),0.875,0.6000000000000001,0.5375,0.5
43,43,Ti auguro ogni bene!,1,I wish you all the best!,I wish you all the best!,0.8016,0.8016,0.706,0.0,0.294,0.8016,0.706,0.0,0.294,0.8016,1.0,0.3,1.0,0.3, POSITIVE (0.9873), POSITIVE (0.9873),1.0,0.3,1.0,0.3
44,44,Ridere fa bene alla salute!,1,Laughing is good for your health!,Laughter is good for health!,0.75,0.75,0.615,0.0,0.385,0.75,0.681,0.0,0.319,0.75,0.875,0.6000000000000001,0.875,0.6000000000000001, POSITIVE (0.9953), POSITIVE (0.9976),0.875,0.6000000000000001,0.875,0.6000000000000001
45,45,Ho apprezzato molto il tuo aiuto.,1,I really appreciate your help.,I really appreciated your help.,0.762,0.7146,0.749,0.0,0.251,0.7146,0.766,0.0,0.234,0.762,0.2,0.2,0.2,0.1, POSITIVE (0.9579), POSITIVE (0.9699),0.2,0.2,0.2,0.1
46,46,Una dolce carezza.,1,A sweet caress.,A sweet caress.,0.4588,0.4588,0.75,0.0,0.25,0.4588,0.75,0.0,0.25,0.4588,0.35,0.65,0.35,0.65, POSITIVE (0.9967), POSITIVE (0.9967),0.35,0.65,0.35,0.65
47,47,Il tuo regalo mi piace molto,1,I like your gift very much,I really like your gift,0.7146,0.6597,0.643,0.0,0.357,0.6597,0.749,0.0,0.251,0.7146,0.26,0.26,0.2,0.2, POSITIVE (0.9747), POSITIVE (0.9868),0.26,0.26,0.2,0.2
48,48,Buon compleanno!,1,Happy birthday!,Happy birthday!,0.6114,0.6114,0.8,0.0,0.2,0.6114,0.8,0.0,0.2,0.6114,1.0,1.0,1.0,1.0, POSITIVE (0.9965), POSITIVE (0.9965),1.0,1.0,1.0,1.0
49,49,Felice anniversario!,1,Happy anniversary!,Happy Anniversary!,0.6114,0.6114,0.8,0.0,0.2,0.6114,0.8,0.0,0.2,0.6114,1.0,1.0,1.0,1.0, POSITIVE (0.998), POSITIVE (0.998),1.0,1.0,1.0,1.0
50,50,Congratulazioni!,1,Congratulations!,Congratulations!,0.636,0.636,1.0,0.0,0.0,0.636,1.0,0.0,0.0,0.636,0.0,0.0,0.0,0.0, POSITIVE (0.9964), POSITIVE (0.9964),0.0,0.0,0.0,0.0
51,51,Quando passeggio tra la natura mi sento sempre felice e rilassata,1,When I walk through nature I always feel happy and relaxed,When I walk between nature I always feel happy and relaxed,0.7845,0.7845,0.496,0.0,0.504,0.7845,0.496,0.0,0.504,0.7845,0.8,1.0,0.8,1.0, POSITIVE (0.9978), POSITIVE (0.9976),0.8,1.0,0.8,1.0
52,52,Viaggiare in treno da sola ÃÂ¨ un esperienza bellissima ed estremamente rilassante,1,Traveling by train alone is a beautiful and extremely relaxing experience,Traveling by train alone is a beautiful and extremely relaxing experience,0.7501,0.7501,0.451,0.122,0.427,0.7501,0.451,0.122,0.427,0.7501,0.3625,1.0,0.3625,1.0, POSITIVE (0.9978), POSITIVE (0.9978),0.3625,1.0,0.3625,1.0
53,53,Domani si sposa mio cugino ed io non vedo lÃÂora di andare al matrimonio. Dopo molti anni finalmente avrÃÂ² lÃÂoccasione di rivedere tutta la famiglia.,1,Tomorrow my cousin gets married and I can't wait to go to the wedding. After many years I will finally have the opportunity to see the whole family again.,Tomorrow my cousin gets married and I can't wait to go to the wedding.After many years I will finally have the opportunity to review the whole family.,0.4215,0.4215,0.097,0.0,0.903,0.4215,0.104,0.0,0.896,0.4215,0.2375,0.5375,0.2375,0.5375, POSITIVE (0.9988), POSITIVE (0.9988),0.2375,0.5375,0.2375,0.5375
54,54,I bambini sono stati felici di andare al parco giochi. Si sono divertiti ad andare sulle giostre e a mangiare zucchero filato.,1,The kids were happy to go to the playground. They had fun going on rides and eating cotton candy.,The children were happy to go to the playground.They had fun going to the rides and eating cotton candy.,0.7906,0.7906,0.292,0.0,0.708,0.7906,0.292,0.0,0.708,0.7906,0.55,0.6,0.55,0.6, POSITIVE (0.9957), POSITIVE (0.9963),0.55,0.6,0.55,0.6
55,55,"A mia figlia piace molto ballare e quando ÃÂ¨ sul palco ÃÂ¨ felice, a suo agioÃÂ e a me piace molto vederla ballare.",1,"My daughter really likes to dance and when she's on stage she's happy, comfortable and I really like to see her dance.","My daughter likes to dance and when she is on stage she is happy, at ease and I really like to see her dance.",0.8955,0.9167,0.431,0.0,0.569,0.9167,0.383,0.0,0.617,0.8955,0.39999999999999997,0.55,0.5,0.6, POSITIVE (0.9905), POSITIVE (0.9891),0.39999999999999997,0.55,0.5,0.6
56,56,LÃÂaccessorio piÃÂ¹ bello da indossare ÃÂ¨ il sorriso perchÃÂ© trasmette gioia e felicitÃÂ  alle persone che incontriamo.,1,The most beautiful accessory to wear is the smile because it conveys joy and happiness to the people we meet.,The most beautiful accessory to wear is the smile because it transmits joy and happiness to the people we meet.,0.9336,0.9336,0.468,0.0,0.532,0.9336,0.468,0.0,0.532,0.9336,0.6300000000000001,0.4,0.6300000000000001,0.4, POSITIVE (0.9994), POSITIVE (0.9994),0.6300000000000001,0.4,0.6300000000000001,0.4
57,57,Le persone solari e allegre sono meravigliose e portano tanta felicitÃÂ  a chi li circonde.,1,Solar and cheerful people are wonderful and bring so much happiness to those around them.,Solar and cheerful people are wonderful and bring so much happiness to those who surround them.,0.9017,0.9017,0.48,0.0,0.52,0.9017,0.46,0.0,0.54,0.9017,0.6999999999999998,0.7333333333333334,0.6999999999999998,0.7333333333333334, POSITIVE (0.9956), POSITIVE (0.9969),0.6999999999999998,0.7333333333333334,0.6999999999999998,0.7333333333333334
58,58,Una delle esperienze piÃÂ¹ belle della mia vita ÃÂ¨ stata quella di diventare mamma. Mi ha reso una donna migliore e certamente piÃÂ¹ felice,1,One of the best experiences of my life was becoming a mom. It made me a better woman and certainly happier,One of the most beautiful experiences of my life was to become a mother.She made me a better and certainly happier woman,0.9168,0.9169,0.462,0.0,0.538,0.9169,0.446,0.0,0.554,0.9168,0.5410714285714285,0.5553571428571429,0.5160714285714286,0.6428571428571428, POSITIVE (0.9928), POSITIVE (0.995),0.5410714285714285,0.5553571428571429,0.5160714285714286,0.6428571428571428
59,59,"Ho visto il nuovo film di Tom Cruise, ÃÂMaverickÃÂ, e devo dire che mi ha emozionato perchÃÂ© mi ha riportato alla mia gioventÃÂ¹.",1,"I saw the new Tom Cruise movie, Maverick, and I have to say it got me excited because it brought me back to my youth.","I saw Tom Cruise's new film, Maverick, and I must say that he excited me because he brought me back to my youth.",0.34,0.34,0.098,0.0,0.902,0.34,0.107,0.0,0.893,0.34,0.17045454545454544,0.40151515151515155,0.17045454545454544,0.40151515151515155, POSITIVE (0.9996), POSITIVE (0.9996),0.17045454545454544,0.40151515151515155,0.17045454545454544,0.40151515151515155
60,60,LÃÂesperienza studio in Italia ÃÂ¨ stata unica. Mi ha cambiato letteralmente la vita e mi ha aperto gli occhi su una nuova realtÃÂ .,1,The study experience in Italy was unique. It literally changed my life and opened my eyes to a new reality.,The study experience in Italy was unique.She literally changed my life and opened my eyes on a new reality.,0.0,0.0,0.0,0.0,1.0,0.0,0.0,0.0,1.0,0.0,0.2556818181818182,0.7272727272727273,0.13636363636363635,0.45454545454545453, POSITIVE (0.9996), POSITIVE (0.9989),0.2556818181818182,0.7272727272727273,0.13636363636363635,0.45454545454545453
61,61,Mi sento una donna molto fortunate perchÃÂ¨ faccio un lavoro che amo e quando sono in classe con mi miei studenti mi sento felice.,1,I feel like a very lucky woman because I do a job that I love and when I'm in class with my students I feel happy.,I feel like a very lucky woman because I do a job that I love and when I am in class with my students I feel happy.,0.9259,0.9259,0.457,0.0,0.543,0.9259,0.457,0.0,0.543,0.9259,0.5777777777777778,0.8666666666666667,0.5777777777777778,0.8666666666666667, POSITIVE (0.9925), POSITIVE (0.9911),0.5777777777777778,0.8666666666666667,0.5777777777777778,0.8666666666666667
62,62,"Ieri ho visitato un museo dÃÂarte molto interessante e mi ÃÂ¨ piaciuto moltissimo, ci voglio ritornare!",1,"Yesterday I visited a very interesting art museum and I loved it, I want to go back!","Yesterday I visited a very interesting art museum and I liked it very much, I want to go back!",0.7693,0.8169,0.459,0.0,0.541,0.8169,0.39,0.0,0.61,0.7693,0.45,0.4833333333333334,0.3775,0.42750000000000005, POSITIVE (0.9827), POSITIVE (0.956),0.45,0.4833333333333334,0.3775,0.42750000000000005
63,63,General /commonly used Italian sentences -Negative,-1,General /commonly used Italian sentences -Negative,General /commonly used Italian sentences -Negative,-0.5423,-0.5423,0.135,0.416,0.449,-0.5423,0.135,0.416,0.449,-0.5423,-0.08333333333333333,0.3,-0.08333333333333333,0.3, NEGATIVE (0.9999), NEGATIVE (0.9999),-0.08333333333333333,0.3,-0.08333333333333333,0.3
64,64,Sono arrabbiato,-1,I'm angry,I am angry,-0.5106,-0.5106,0.0,0.767,0.233,-0.5106,0.0,0.767,0.233,-0.5106,-0.5,1.0,-0.5,1.0, NEGATIVE (0.9991), NEGATIVE (0.9985),-0.5,1.0,-0.5,1.0
65,65,Che tristezza!,-1,How sad!,How sad!,-0.5255,-0.5255,0.0,0.772,0.228,-0.5255,0.0,0.772,0.228,-0.5255,-0.625,1.0,-0.625,1.0, NEGATIVE (0.9996), NEGATIVE (0.9996),-0.625,1.0,-0.625,1.0
66,66,Questo ÃÂ¨ un grosso guaio!,-1,This is big trouble!,This is a big trouble!,-0.4574,-0.4574,0.0,0.499,0.501,-0.4574,0.0,0.499,0.501,-0.4574,-0.125,0.15000000000000002,-0.125,0.15000000000000002, NEGATIVE (0.9996), NEGATIVE (0.9996),-0.125,0.15000000000000002,-0.125,0.15000000000000002
67,67,Non mi piace quello che dici,-1,I don't like what you say.,I don't like what you say,-0.2755,-0.2755,0.0,0.345,0.655,-0.2755,0.0,0.345,0.655,-0.2755,0.0,0.0,0.0,0.0, NEGATIVE (0.9978), NEGATIVE (0.9978),0.0,0.0,0.0,0.0
68,68,Ho visto un film d'orrore ed ora ho paura,-1,I've seen a horror movie and now I'm scared,I saw a horror movie and now I'm afraid,-0.5719,-0.765,0.0,0.524,0.476,-0.765,0.0,0.381,0.619,-0.5719,0.0,0.0,-0.6,0.9, NEGATIVE (0.6139), NEGATIVE (0.9993),0.0,0.0,-0.6,0.9
69,69,Sono molto triste,-1,I'm very sad,I am very sad,-0.5256,-0.5256,0.0,0.629,0.371,-0.5256,0.0,0.629,0.371,-0.5256,-0.65,1.0,-0.65,1.0, NEGATIVE (0.9989), NEGATIVE (0.9977),-0.65,1.0,-0.65,1.0
70,70,Ho trascorso una giornataccia!,-1,I had a bad day!,I spent a day!,0.0,-0.5848,0.0,0.655,0.345,-0.5848,0.0,0.0,1.0,0.0,-0.8749999999999998,0.6666666666666666,-0.125,0.1, NEGATIVE (0.9989), NEGATIVE (0.9993),-0.8749999999999998,0.6666666666666666,-0.125,0.1
71,71,Il buio mi fa paura,-1,The dark scares me,The darkness scares me,-0.5267,-0.34,0.0,0.444,0.556,-0.34,0.0,0.688,0.312,-0.5267,-0.15,0.4,0.0,0.0, NEGATIVE (0.9831), NEGATIVE (0.9949),-0.15,0.4,0.0,0.0
72,72,La solitudine ÃÂ¨ triste,-1,Loneliness is sad,Solitude is sad,-0.4767,-0.7096,0.0,0.855,0.145,-0.7096,0.0,0.608,0.392,-0.4767,-0.5,1.0,-0.5,1.0, NEGATIVE (0.9879), NEGATIVE (0.9243),-0.5,1.0,-0.5,1.0
73,73,Che brutto!,-1,That's ugly!,How bad!,-0.5848,-0.5562,0.0,0.782,0.218,-0.5562,0.0,0.791,0.209,-0.5848,-0.875,1.0,-0.8749999999999998,0.6666666666666666, NEGATIVE (0.9999), NEGATIVE (1.0),-0.875,1.0,-0.8749999999999998,0.6666666666666666
74,74,Mi hai delusa,-1,You let me down.,You disappointed me,-0.4767,0.0,0.0,0.0,1.0,0.0,0.0,0.608,0.392,-0.4767,-0.15555555555555559,0.2888888888888889,-0.75,0.75, POSITIVE (0.6654), NEGATIVE (0.9942),-0.15555555555555559,0.2888888888888889,-0.75,0.75
75,75,Che delusione!,-1,What a disappointment!,What a disappointment!,-0.5562,-0.5562,0.0,0.782,0.218,-0.5562,0.0,0.782,0.218,-0.5562,-0.75,0.4,-0.75,0.4, NEGATIVE (1.0), NEGATIVE (1.0),-0.75,0.4,-0.75,0.4
76,76,Ho visto un film orribbile,-1,I've seen a horrible movie.,I saw a horrible movie,-0.5423,-0.5423,0.0,0.538,0.462,-0.5423,0.0,0.636,0.364,-0.5423,-1.0,1.0,-1.0,1.0, NEGATIVE (1.0), NEGATIVE (1.0),-1.0,1.0,-1.0,1.0
77,77,Ho letto un libro orribile e noioso,-1,I read a horrible and boring book,I read a horrible and boring book,-0.7003,-0.7003,0.0,0.659,0.341,-0.7003,0.0,0.659,0.341,-0.7003,-1.0,1.0,-1.0,1.0, NEGATIVE (0.9999), NEGATIVE (0.9999),-1.0,1.0,-1.0,1.0
78,78,Sei noioso!,-1,You're boring!,You are boring!,-0.3802,-0.3802,0.0,0.722,0.278,-0.3802,0.0,0.564,0.436,-0.3802,-1.0,1.0,-1.0,1.0, NEGATIVE (0.9999), NEGATIVE (0.9998),-1.0,1.0,-1.0,1.0
79,79,Che cattivo!,-1,What a villain!,So bad!,-0.623,-0.5983,0.0,0.796,0.204,-0.5983,0.0,0.803,0.197,-0.623,0.0,0.0,-0.8749999999999998,0.6666666666666666, NEGATIVE (0.9906), NEGATIVE (0.9999),0.0,0.0,-0.8749999999999998,0.6666666666666666
80,80,Il cibo non era buono per niente,-1,The food was not good at all,The food was not good at all,-0.3412,-0.3412,0.0,0.286,0.714,-0.3412,0.0,0.286,0.714,-0.3412,-0.35,0.6000000000000001,-0.35,0.6000000000000001, NEGATIVE (0.9998), NEGATIVE (0.9998),-0.35,0.6000000000000001,-0.35,0.6000000000000001
81,81,Che cosa disgustosa!,-1,That's disgusting!,What disgusting!,-0.5707,-0.5707,0.0,0.787,0.213,-0.5707,0.0,0.787,0.213,-0.5707,-1.0,1.0,-1.0,1.0, NEGATIVE (1.0), NEGATIVE (1.0),-1.0,1.0,-1.0,1.0
82,82,Odio camminare da sola di sera,-1,I hate to walk alone at night,I hate walking alone in the evening,-0.6908,-0.6908,0.0,0.588,0.412,-0.6908,0.0,0.588,0.412,-0.6908,-0.8,0.9,-0.8,0.9, NEGATIVE (0.6118), NEGATIVE (0.9979),-0.8,0.9,-0.8,0.9
83,83,Ho visto un orso e mi sono spaventata a morte,-1,I saw a bear and I got scared to death,I saw a bear and I frightened to death,-0.7783,-0.7783,0.0,0.576,0.424,-0.7783,0.0,0.63,0.37,-0.7783,0.0,0.0,0.0,0.0, NEGATIVE (0.9988), NEGATIVE (1.0),0.0,0.0,0.0,0.0
84,84,Che persona malvagia ,-1,What an evil person,What evil person,-0.6597,-0.6597,0.0,0.595,0.405,-0.6597,0.0,0.688,0.312,-0.6597,-1.0,1.0,-1.0,1.0, NEGATIVE (0.9912), NEGATIVE (0.998),-1.0,1.0,-1.0,1.0
85,85,Mi sento male,-1,I feel sick,I feel bad,-0.5423,-0.5106,0.0,0.767,0.233,-0.5106,0.0,0.778,0.222,-0.5423,-0.7142857142857143,0.8571428571428571,-0.6999999999999998,0.6666666666666666, NEGATIVE (0.9999), NEGATIVE (0.9999),-0.7142857142857143,0.8571428571428571,-0.6999999999999998,0.6666666666666666
86,86,Mi sento solo,-1,I feel lonely,I feel alone,-0.25,-0.3612,0.0,0.714,0.286,-0.3612,0.0,0.667,0.333,-0.25,-0.09999999999999998,0.7,0.0,0.0, NEGATIVE (0.9874), NEGATIVE (0.6724),-0.09999999999999998,0.7,0.0,0.0
87,87,Detesto il mio lavoro,-1,I hate my job.,I hate my work,-0.5719,-0.5719,0.0,0.649,0.351,-0.5719,0.0,0.649,0.351,-0.5719,-0.8,0.9,-0.8,0.9, NEGATIVE (0.9999), NEGATIVE (1.0),-0.8,0.9,-0.8,0.9
88,88,Non ti sopporto proprio!,-1,I just can't stand you!,I can't stand you!,0.0,0.0,0.0,0.0,1.0,0.0,0.0,0.0,1.0,0.0,0.0,0.0,0.0,0.0, NEGATIVE (0.9996), NEGATIVE (0.9998),0.0,0.0,0.0,0.0
89,89,Hai una brutta cera!,-1,You look bad!,You have a bad wax!,-0.5848,-0.5848,0.0,0.655,0.345,-0.5848,0.0,0.558,0.442,-0.5848,-0.8749999999999998,0.6666666666666666,-0.8749999999999998,0.6666666666666666, NEGATIVE (0.9998), NEGATIVE (0.9999),-0.8749999999999998,0.6666666666666666,-0.8749999999999998,0.6666666666666666
90,90,Temo il tempo che passa,-1,I fear the passing of time,I fear the time that passes,-0.4939,-0.4939,0.0,0.444,0.556,-0.4939,0.0,0.444,0.556,-0.4939,0.0,0.0,0.0,0.0, NEGATIVE (0.9971), NEGATIVE (0.9972),0.0,0.0,0.0,0.0
91,91,Non ti amo,-1,I don't love you,I do not love you,-0.5216,-0.5216,0.0,0.627,0.373,-0.5216,0.0,0.529,0.471,-0.5216,0.5,0.6,-0.25,0.6, NEGATIVE (0.9924), NEGATIVE (0.9989),-0.25,0.6,-0.25,0.6
92,92,ÃÂ stata una serata molto noiosa,-1,It's been a very boring night.,It was a very boring evening,-0.3804,-0.3804,0.0,0.393,0.607,-0.3804,0.0,0.393,0.607,-0.3804,-1.0,1.0,-1.0,1.0, NEGATIVE (1.0), NEGATIVE (0.9999),-1.0,1.0,-1.0,1.0
93,93,Non voglio vederti piÃÂ¹!,-1,I don't want to see you anymore!,I don't want to see you anymore!,-0.1316,-0.1316,0.0,0.232,0.768,-0.1316,0.0,0.232,0.768,-0.1316,0.0,0.0,0.0,0.0, NEGATIVE (0.7643), NEGATIVE (0.7643),0.0,0.0,0.0,0.0
94,94,ÃÂ sempre triste partire,-1,It's always sad to leave,It is always sad to leave,-0.5106,-0.5106,0.0,0.589,0.411,-0.5106,0.0,0.518,0.482,-0.5106,-0.5,1.0,-0.5,1.0, NEGATIVE (0.8631), NEGATIVE (0.8585),-0.5,1.0,-0.5,1.0
95,95,ÃÂ stata una lite violenta,-1,It was a violent fight.,It was a violent dispute,-0.765,-0.7579,0.0,0.765,0.235,-0.7579,0.0,0.767,0.233,-0.765,-0.8,1.0,-0.8,1.0, NEGATIVE (0.8507), NEGATIVE (0.9933),-0.8,1.0,-0.8,1.0
96,96,ÃÂ stata una brutta lite,-1,It was a bad fight.,It was a bad dispute,-0.7351,-0.7269,0.0,0.753,0.247,-0.7269,0.0,0.756,0.244,-0.7351,-0.6999999999999998,0.6666666666666666,-0.6999999999999998,0.6666666666666666, NEGATIVE (0.9984), NEGATIVE (0.9993),-0.6999999999999998,0.6666666666666666,-0.6999999999999998,0.6666666666666666
97,97,Detesto le bugie,-1,I hate lies,I hate the lies,-0.7579,-0.7579,0.0,1.0,0.0,-0.7579,0.0,0.867,0.133,-0.7579,-0.8,0.9,-0.8,0.9, NEGATIVE (0.8527), NEGATIVE (0.9958),-0.8,0.9,-0.8,0.9
98,98,La violenza ÃÂ¨ un male sociale,-1,Violence is a social evil,Violence is a social evil,-0.8591,-0.8591,0.0,0.81,0.19,-0.8591,0.0,0.81,0.19,-0.8591,-0.48333333333333334,0.5333333333333333,-0.48333333333333334,0.5333333333333333, NEGATIVE (0.9988), NEGATIVE (0.9988),-0.48333333333333334,0.5333333333333333,-0.48333333333333334,0.5333333333333333
99,99,Disapprovo la tua scelta!,-1,I disapprove of your choice!,I disapprove of your choice!,0.0,0.0,0.0,0.0,1.0,0.0,0.0,0.0,1.0,0.0,0.0,0.0,0.0,0.0, NEGATIVE (0.9966), NEGATIVE (0.9966),0.0,0.0,0.0,0.0
100,100,Non ci sopportiamo a vicenda,-1,We can't stand each other,We don't endure each other,0.0,0.0,0.0,0.0,1.0,0.0,0.0,0.0,1.0,0.0,-0.125,0.375,-0.125,0.375, NEGATIVE (0.9998), NEGATIVE (0.699),-0.125,0.375,-0.125,0.375
101,101,Disprezzo il tuo comportamento,-1,I despise your behavior,DISCOZZA YOUR COME,0.0,-0.34,0.0,0.545,0.455,-0.34,0.0,0.0,1.0,0.0,0.0,0.0,0.0,0.0, NEGATIVE (0.9998), NEGATIVE (0.9821),0.0,0.0,0.0,0.0
102,102,Che brutto regalo!,-1,What a bad gift!,What a bad gift!,-0.2244,-0.2244,0.377,0.493,0.13,-0.2244,0.377,0.493,0.13,-0.2244,-0.8749999999999998,0.6666666666666666,-0.8749999999999998,0.6666666666666666, NEGATIVE (0.9996), NEGATIVE (0.9996),-0.8749999999999998,0.6666666666666666,-0.8749999999999998,0.6666666666666666
103,103,Mi hai ferito profondamente,-1,You hurt me deeply,You wounded me deeply,0.0,-0.5267,0.0,0.531,0.469,-0.5267,0.0,0.0,1.0,0.0,0.0,0.4,0.0,0.4, NEGATIVE (0.9985), NEGATIVE (0.9983),0.0,0.4,0.0,0.4
104,104,Sei proprio una brutta persona,-1,You're such a bad person.,You are really a bad person,-0.5849,-0.5423,0.0,0.538,0.462,-0.5423,0.0,0.487,0.513,-0.5849,-0.3499999999999999,0.5833333333333333,-0.6999999999999998,0.6666666666666666, NEGATIVE (0.999), NEGATIVE (0.9998),-0.3499999999999999,0.5833333333333333,-0.6999999999999998,0.6666666666666666
105,105,Sei un incapace!,-1,You're a fool!,You are an incapable!,-0.4389,-0.4926,0.0,0.761,0.239,-0.4926,0.0,0.491,0.509,-0.4389,0.0,0.0,0.0,0.0, NEGATIVE (0.9989), NEGATIVE (0.9556),0.0,0.0,0.0,0.0
106,106,Sei un inetto!,-1,You're inept!,You are an inept!,0.0,0.0,0.0,0.0,1.0,0.0,0.0,0.0,1.0,0.0,0.0,0.0,0.0,0.0, NEGATIVE (0.9999), NEGATIVE (0.9999),0.0,0.0,0.0,0.0
107,107,Buono a nulla!,-1,Good for nothing!,Good for nothing!,0.4926,0.4926,0.615,0.0,0.385,0.4926,0.615,0.0,0.385,0.4926,0.875,0.6000000000000001,0.875,0.6000000000000001, NEGATIVE (0.9984), NEGATIVE (0.9984),0.875,0.6000000000000001,0.875,0.6000000000000001
108,108,Sei un egoista!,-1,You're selfish!,You are an egoist!,0.0,-0.5255,0.0,0.772,0.228,-0.5255,0.0,0.0,1.0,0.0,-0.625,1.0,0.0,0.0, NEGATIVE (0.9956), NEGATIVE (0.9788),-0.625,1.0,0.0,0.0
109,109,Che rabbia!,-1,What a rage!,That anger!,-0.6114,-0.5983,0.0,0.796,0.204,-0.5983,0.0,0.8,0.2,-0.6114,0.0,0.0,-0.875,0.2, POSITIVE (0.6224), NEGATIVE (0.9481),0.0,0.0,-0.875,0.2
110,110,Non volgiio piÃÂ¹ parlarti!,-1,I don't want to talk to you anymore!,I don't turn to talk to you anymore!,0.0,-0.1316,0.0,0.201,0.799,-0.1316,0.0,0.0,1.0,0.0,0.0,0.0,0.0,0.0, NEGATIVE (0.9887), NEGATIVE (0.9943),0.0,0.0,0.0,0.0
111,111,Che persona scortese!,-1,What a rude person!,What a rude person!,-0.5093,-0.5093,0.0,0.622,0.378,-0.5093,0.0,0.622,0.378,-0.5093,-0.375,0.6,-0.375,0.6, NEGATIVE (0.9996), NEGATIVE (0.9996),-0.375,0.6,-0.375,0.6
112,112,ÃÂ un gesto ripugnevole!,-1,It's a repugnant gesture!,It is a repugly gesture!,0.0,0.0,0.0,0.0,1.0,0.0,0.0,0.0,1.0,0.0,0.0,0.0,0.0,0.0, NEGATIVE (0.9974), NEGATIVE (0.9801),0.0,0.0,0.0,0.0
113,113,Sei un essere abominevole.,-1,You are an abominable being.,You are an abominable being.,0.0,0.0,0.0,0.0,1.0,0.0,0.0,0.0,1.0,0.0,0.0,0.0,0.0,0.0, NEGATIVE (0.9382), NEGATIVE (0.9382),0.0,0.0,0.0,0.0
114,114,Quel libro che ho letto mi ha lasciata indifferente nÃÂ© bello nÃÂ© brutto,0,That book I read left me indifferent neither beautiful nor ugly,That book I read left me indifferent or beautiful or ugly,-0.0516,-0.7356,0.0,0.507,0.493,-0.7356,0.244,0.319,0.438,-0.0516,0.05000000000000001,0.6666666666666666,0.05000000000000001,0.6666666666666666, NEGATIVE (0.9891), NEGATIVE (1.0),0.05000000000000001,0.6666666666666666,0.05000000000000001,0.6666666666666666
115,115,Il tuo comportamento non mi fa nÃÂ© caldo nÃÂ© freddo,0,Your behavior makes me neither hot nor cold,Your behavior is neither hot nor cold,0.0,0.0,0.0,0.0,1.0,0.0,0.0,0.0,1.0,0.0,-0.175,0.925,-0.175,0.925, NEGATIVE (0.9979), NEGATIVE (0.9994),-0.175,0.925,-0.175,0.925
116,116,In questo momento mi sento piuttosto calma non provo emozioni forti,0,Right now I feel rather calm I don't feel strong emotions,At this moment I feel quite calm I do not feel strong emotions,-0.0281,-0.1032,0.192,0.225,0.583,-0.1032,0.181,0.189,0.63,-0.0281,0.33968253968253964,0.673015873015873,0.3666666666666667,0.7416666666666667, NEGATIVE (0.9849), POSITIVE (0.9558),0.33968253968253964,0.673015873015873,0.3666666666666667,0.7416666666666667
117,117,"A me interessa poco chi vince il campionato, le squadre per me sono tutte uguali",0,"I care little who wins the championship, the teams for me are all the same","I am not very interested in those who win the championship, the teams are all the same for me",0.6399,0.8598,0.464,0.0,0.536,0.8598,0.277,0.102,0.62,0.6399,0.0375,0.27499999999999997,0.23461538461538464,0.3032051282051282, POSITIVE (0.8892), NEGATIVE (1.0),0.0375,0.27499999999999997,0.23461538461538464,0.3032051282051282
118,118,"Mi piacciono tutti i tipi di cibo, non ho preferenza",0,"I like all kinds of food, I have no preference","I like all types of food, I have no preference",0.0772,0.0772,0.234,0.206,0.561,0.0772,0.234,0.206,0.561,0.0772,0.0,0.0,0.0,0.0, POSITIVE (0.7221), POSITIVE (0.6723),0.0,0.0,0.0,0.0
119,119,Mi ritengo una persona equa e senza pregiudizi,0,I consider myself a fair and unprejudiced person,I consider myself a fair person without prejudices,0.5621,0.3182,0.315,0.0,0.685,0.3182,0.537,0.0,0.463,0.5621,0.7,0.9,0.7,0.9, NEGATIVE (0.596), POSITIVE (0.9871),0.7,0.9,0.7,0.9
120,120,Non mi lascio mai influenzare da quello che pensano gli altri.,0,I never let myself be influenced by what other people think.,I never let myself be influenced by what others think.,0.0,0.0,0.0,0.0,1.0,0.0,0.0,0.0,1.0,0.0,-0.125,0.375,0.0,0.0, POSITIVE (0.976), POSITIVE (0.9705),-0.125,0.375,0.0,0.0
121,121,Il film ha presentato l'argomento in una maniera molto logica e neutrale,0,The film presented the subject in a very logical and neutral way,The film presented the topic in a very logical and neutral way,0.0,0.0,0.0,0.0,1.0,0.0,0.0,0.0,1.0,0.0,0.07916666666666668,0.32916666666666666,0.325,0.325, POSITIVE (0.9974), POSITIVE (0.9987),0.07916666666666668,0.32916666666666666,0.325,0.325
122,122,In realtÃÂ  non ho un'opinione su quanto ÃÂ¨ accaduto,0,I don't really have an opinion on what happened.,In reality I don't have an opinion about what happened,0.0,0.0,0.0,0.0,1.0,0.0,0.0,0.0,1.0,0.0,0.2,0.2,0.0,0.0, NEGATIVE (0.9999), NEGATIVE (0.9998),-0.1,0.2,0.0,0.0
123,123,"Alla fine dei conti puoi fare quello che desideri, a me non interessa molto.",0,"At the end of the day, you can do whatever you want, I don't really care.","At the end of the accounts you can do what you want, I don't care much.",-0.3244,-0.3705,0.076,0.166,0.758,-0.3705,0.077,0.155,0.768,-0.3244,0.2,0.2,0.2,0.2, NEGATIVE (0.9999), NEGATIVE (0.9999),-0.1,0.2,0.2,0.2
124,124,"Possiamo andare in vacanza da qualsiesi parte, per me ÃÂ¨ lo stesso",0,"We can go on holiday anywhere, for me it's the same","We can go on vacation from any starts, for me it is the same",0.0,0.4019,0.213,0.0,0.787,0.4019,0.0,0.0,1.0,0.0,0.0,0.125,0.0,0.125, POSITIVE (0.9854), POSITIVE (0.9885),0.0,0.125,0.0,0.125
125,125,Non ho preferenze su cosa fare stasera,0,I have no preference on what to do tonight,I have no preferences on what to do tonight,-0.296,-0.296,0.0,0.239,0.761,-0.296,0.0,0.239,0.761,-0.296,0.0,0.0,0.0,0.0, NEGATIVE (0.9961), NEGATIVE (0.9994),0.0,0.0,0.0,0.0
126,126,"Non ho mai favorito nessuno studente, per me sono tutti uguali",0,"I've never favored any student, they're all the same to me","I have never favored any student, for me they are all the same",-0.3252,-0.3252,0.0,0.189,0.811,-0.3252,0.0,0.175,0.825,-0.3252,-0.2,0.5125,-0.2,0.5125, NEGATIVE (0.9475), NEGATIVE (0.7685),-0.2,0.5125,-0.2,0.5125
127,127,Alcune persone non mostrano alcuna emozione,0,Some people don't show any emotion,Some people do not show any emotion,0.0,0.0,0.0,0.0,1.0,0.0,0.0,0.0,1.0,0.0,0.0,0.0,0.0,0.0, NEGATIVE (0.9929), NEGATIVE (0.9874),0.0,0.0,0.0,0.0
128,128,Ha un carattere molto controllato ed ÃÂ¨ capace di restare sempre imparziale,0,He has a very controlled character and is capable of always remaining impartial,Has a very controlled character and is able to always remain impartial,0.0,0.3818,0.191,0.0,0.809,0.3818,0.0,0.0,1.0,0.0,0.2,0.35,0.35,0.4625, POSITIVE (0.9992), POSITIVE (0.9994),0.2,0.35,0.35,0.4625
129,129,"Sembra essere un tipo molto disinvolto, non si lasciare influenzare da nulla",0,"He seems to be a very casual guy, he doesn't let anything influence him.","It seems to be a very casual guy, he does not let himself be influenced by anything",0.2716,0.2716,0.149,0.0,0.851,0.2716,0.122,0.0,0.878,0.2716,-0.6500000000000001,1.0,-0.6500000000000001,1.0, POSITIVE (0.7872), POSITIVE (0.6068),-0.6500000000000001,1.0,-0.6500000000000001,1.0
130,130,ÃÂ sempre cosÃÂ¬ rilassata su tutto,0,She's always so relaxed about everything,It is always so relaxed on everything,0.6269,0.6269,0.452,0.0,0.548,0.6269,0.407,0.0,0.593,0.6269,0.0,0.0,0.0,0.0, POSITIVE (0.9955), POSITIVE (0.9889),0.0,0.0,0.0,0.0
131,131,I due si lasciarano senza emozione,0,The two leave without emotion,The two leave without emotion,-0.0516,-0.0516,0.0,0.231,0.769,-0.0516,0.0,0.231,0.769,-0.0516,0.0,0.0,0.0,0.0, POSITIVE (0.6613), POSITIVE (0.6613),0.0,0.0,0.0,0.0
132,132,ÃÂ molto impegnato con i suoi esperimenti e spera di avere risulatati positivi il prima possibile,0,He is very busy with his experiments and hopes to have tested positive as soon as possible,He is very busy with his experiments and hopes to have been refurbished positive as soon as possible,0.7506,0.7506,0.299,0.0,0.701,0.7506,0.286,0.0,0.714,0.7506,0.1190909090909091,0.6451515151515151,0.1190909090909091,0.6451515151515151, NEGATIVE (0.5078), POSITIVE (0.8283),0.1190909090909091,0.6451515151515151,0.1190909090909091,0.6451515151515151
133,133,In questo caso entrambe le parti hanno deciso di venire ad un compromesso,0,In this case both sides decided to come to a compromise,In this case both sides have decided to come to a compromise,0.0,0.0,0.0,0.0,1.0,0.0,0.0,0.0,1.0,0.0,0.0,0.0,0.0,0.0, POSITIVE (0.5808), POSITIVE (0.8226),0.0,0.0,0.0,0.0
134,134,Dopo aver visto il film abbiamo scoperto che la protagonista era un aliena,0,After watching the film we discovered that the protagonist was an alien,After seeing the film we discovered that the protagonist was an alien,0.0,0.0,0.0,0.0,1.0,0.0,0.0,0.0,1.0,0.0,-0.25,0.75,-0.25,0.75, NEGATIVE (0.9661), NEGATIVE (0.9767),-0.25,0.75,-0.25,0.75
135,135,La musica american attrae sempre molti giovani italiani,0,American music always attracts many young Italians,American music always attracts many young Italians,0.4019,0.4019,0.31,0.0,0.69,0.4019,0.31,0.0,0.69,0.4019,0.19999999999999998,0.3,0.19999999999999998,0.3, POSITIVE (0.9987), POSITIVE (0.9987),0.19999999999999998,0.3,0.19999999999999998,0.3
136,136,Ieri sono andata a cena in un ristorante giapponese,0,Yesterday I went to dinner at a Japanese restaurant,Yesterday I went to dinner in a Japanese restaurant,0.0,0.0,0.0,0.0,1.0,0.0,0.0,0.0,1.0,0.0,0.0,0.0,0.0,0.0, NEGATIVE (0.58), POSITIVE (0.8285),0.0,0.0,0.0,0.0
137,137,Oggi sono andata dal dentista,0,Today I went to the dentist,Today I went to the dentist,0.0,0.0,0.0,0.0,1.0,0.0,0.0,0.0,1.0,0.0,0.0,0.0,0.0,0.0, NEGATIVE (0.8822), NEGATIVE (0.8822),0.0,0.0,0.0,0.0
138,138,I miei amici sono venuti a farmi visita,0,My friends came to visit me,My friends came to visit me,0.4767,0.4767,0.383,0.0,0.617,0.4767,0.383,0.0,0.617,0.4767,0.0,0.0,0.0,0.0, POSITIVE (0.9811), POSITIVE (0.9811),0.0,0.0,0.0,0.0
139,139,Ho mangiato una mela a colazione,0,I ate an apple for breakfast,I ate an apple for breakfast,0.0,0.0,0.0,0.0,1.0,0.0,0.0,0.0,1.0,0.0,0.0,0.0,0.0,0.0, POSITIVE (0.9546), POSITIVE (0.9546),0.0,0.0,0.0,0.0
140,140,Lo studente ha finalmente finito la sua tesi,0,The student has finally finished his thesis,The student finally finished his thesis,0.0,0.0,0.0,0.0,1.0,0.0,0.0,0.0,1.0,0.0,0.0,1.0,0.0,1.0, POSITIVE (0.9838), POSITIVE (0.8369),0.0,1.0,0.0,1.0
141,141,Domani partiamo per andare in Italia,0,Tomorrow we leave to go to Italy,Tomorrow we leave to go to Italy,-0.0516,-0.0516,0.0,0.167,0.833,-0.0516,0.0,0.167,0.833,-0.0516,0.0,0.0,0.0,0.0, NEGATIVE (0.5591), NEGATIVE (0.5591),0.0,0.0,0.0,0.0
142,142,Maria ÃÂ¨ mia cugina,0,Mary is my cousin,Maria is my cousin,0.0,0.0,0.0,0.0,1.0,0.0,0.0,0.0,1.0,0.0,0.0,0.0,0.0,0.0, POSITIVE (0.9834), POSITIVE (0.9962),0.0,0.0,0.0,0.0
143,143,La settimana prossima non lavoro,0,I don't work next week,Next week I don't work,0.0,0.0,0.0,0.0,1.0,0.0,0.0,0.0,1.0,0.0,0.0,0.0,0.0,0.0, NEGATIVE (0.9951), NEGATIVE (0.9997),0.0,0.0,0.0,0.0
144,144,Siamo ritornati ieri dall'Italia,0,We returned yesterday from Italy,We returned yesterday from Italy,0.0,0.0,0.0,0.0,1.0,0.0,0.0,0.0,1.0,0.0,0.0,0.0,0.0,0.0, NEGATIVE (0.9646), NEGATIVE (0.9646),0.0,0.0,0.0,0.0
145,145,Oggi ho conosciuto il fidanzato di mia sorella,0,Today I met my sister's boyfriend,Today I met my sister's boyfriend,0.0,0.0,0.0,0.0,1.0,0.0,0.0,0.0,1.0,0.0,0.0,0.0,0.0,0.0, POSITIVE (0.9875), POSITIVE (0.9875),0.0,0.0,0.0,0.0
146,146,Il dipartimento di italiano ha assunto un nuovo professore,0,The Department of Italian has hired a new professor,The Italian Department has taken on a new professor,0.0,0.0,0.0,0.0,1.0,0.0,0.0,0.0,1.0,0.0,0.06818181818181818,0.22727272727272727,0.06818181818181818,0.22727272727272727, POSITIVE (0.9783), POSITIVE (0.991),0.06818181818181818,0.22727272727272727,0.06818181818181818,0.22727272727272727
147,147,Ho comprato una nuova borsa,0,I bought a new bag,I bought a new bag,0.0,0.0,0.0,0.0,1.0,0.0,0.0,0.0,1.0,0.0,0.13636363636363635,0.45454545454545453,0.13636363636363635,0.45454545454545453, NEGATIVE (0.683), NEGATIVE (0.683),0.13636363636363635,0.45454545454545453,0.13636363636363635,0.45454545454545453
148,148,Ieri sera non ho cenato,0,I didn't have dinner last night.,I didn't have dinner last night,0.0,0.0,0.0,0.0,1.0,0.0,0.0,0.0,1.0,0.0,0.0,0.06666666666666667,0.0,0.06666666666666667, NEGATIVE (0.7894), NEGATIVE (0.7398),0.0,0.06666666666666667,0.0,0.06666666666666667
149,149,Ci sono molti parchi nel mio vicinato,0,There are many parks in my neighborhood,There are many parks in my neighborhood,0.0,0.0,0.0,0.0,1.0,0.0,0.0,0.0,1.0,0.0,0.5,0.5,0.5,0.5, POSITIVE (0.9989), POSITIVE (0.9989),0.5,0.5,0.5,0.5
150,150,Di solito ascolto musica italiana ,0,I usually listen to Italian music,I usually listen to Italian music,0.0,0.0,0.0,0.0,1.0,0.0,0.0,0.0,1.0,0.0,-0.125,0.125,-0.125,0.125, POSITIVE (0.9723), POSITIVE (0.9723),-0.125,0.125,-0.125,0.125
151,151,I miei figli nuotanto e giocano a calcio,0,My children swim and play football,My children still and play football,0.34,0.34,0.324,0.0,0.676,0.34,0.324,0.0,0.676,0.34,0.0,0.0,0.0,0.0, POSITIVE (0.992), POSITIVE (0.979),0.0,0.0,0.0,0.0
152,152,Il mio amico ha scritto quattro libri su Dante,0,My friend wrote four books about Dante,My friend wrote four books on Dante,0.4939,0.4939,0.348,0.0,0.652,0.4939,0.348,0.0,0.652,0.4939,0.0,0.0,0.0,0.0, POSITIVE (0.9974), POSITIVE (0.9985),0.0,0.0,0.0,0.0
153,153,Abbiamo comprato una nuova macchina,0,We bought a new car,We bought a new car,0.0,0.0,0.0,0.0,1.0,0.0,0.0,0.0,1.0,0.0,0.13636363636363635,0.45454545454545453,0.13636363636363635,0.45454545454545453, POSITIVE (0.9949), POSITIVE (0.9949),0.13636363636363635,0.45454545454545453,0.13636363636363635,0.45454545454545453
154,154,Marco e Giulia arrivano domani,0,Marco and Giulia arrive tomorrow,Marco and Giulia arrive tomorrow,0.0,0.0,0.0,0.0,1.0,0.0,0.0,0.0,1.0,0.0,0.0,0.0,0.0,0.0, POSITIVE (0.9932), POSITIVE (0.9932),0.0,0.0,0.0,0.0
155,155,Filippo ha sette anni,0,Philip is seven years old,Filippo is seven years old,0.0,0.0,0.0,0.0,1.0,0.0,0.0,0.0,1.0,0.0,0.1,0.2,0.1,0.2, POSITIVE (0.6268), POSITIVE (0.6529),0.1,0.2,0.1,0.2
156,156,Il sei settembre inizia la scuola,0,"On September 6, school begins",Six September begins school,0.0,0.0,0.0,0.0,1.0,0.0,0.0,0.0,1.0,0.0,0.0,0.0,0.0,0.0, POSITIVE (0.9645), POSITIVE (0.9636),0.0,0.0,0.0,0.0
157,157,Giovanna ha scelto di giocare a calcio,0,Giovanna chose to play football,Giovanna chose to play football,0.34,0.34,0.375,0.0,0.625,0.34,0.375,0.0,0.625,0.34,0.0,0.0,0.0,0.0, POSITIVE (0.8796), POSITIVE (0.8796),0.0,0.0,0.0,0.0
158,158,Ieri siamo andati allo stadio a vedere una partita di calcio,0,Yesterday we went to the stadium to watch a football match,Yesterday we went to the stadium to see a football match,0.0,0.0,0.0,0.0,1.0,0.0,0.0,0.0,1.0,0.0,0.0,0.0,0.0,0.0, POSITIVE (0.9109), POSITIVE (0.8358),0.0,0.0,0.0,0.0
159,159,A dicembre vado in Italia,0,I'm going to Italy in December,In December I go to Italy,0.0,0.0,0.0,0.0,1.0,0.0,0.0,0.0,1.0,0.0,0.0,0.0,0.0,0.0, POSITIVE (0.9077), POSITIVE (0.5516),0.0,0.0,0.0,0.0
160,160,In estate siamo stati al lago,0,In the summer we stayed at the lake,In the summer we stayed at the lake,0.0,0.0,0.0,0.0,1.0,0.0,0.0,0.0,1.0,0.0,0.0,0.0,0.0,0.0, POSITIVE (0.5117), POSITIVE (0.5117),0.0,0.0,0.0,0.0
161,161,Ho cucinato pasta al sugo,0,I cooked pasta with gravy,I cooked pasta pasta,0.0,0.0,0.0,0.0,1.0,0.0,0.0,0.0,1.0,0.0,0.0,0.0,0.0,0.0, POSITIVE (0.9996), POSITIVE (0.985),0.0,0.0,0.0,0.0
162,162,Abbiamo deciso di cambiare casa,0,We decided to change homes.,We decided to change the house,0.0,0.0,0.0,0.0,1.0,0.0,0.0,0.0,1.0,0.0,0.0,0.0,0.0,0.0, NEGATIVE (0.9076), NEGATIVE (0.9718),0.0,0.0,0.0,0.0
163,163,Giocare a calcio aiuta a stare in forma,0,Playing football helps you stay fit,Play football helps to stay fit,0.7579,0.7096,0.697,0.0,0.303,0.7096,0.714,0.0,0.286,0.7579,0.4,0.4,0.4,0.4, POSITIVE (0.9969), POSITIVE (0.9883),0.4,0.4,0.4,0.4
164,164,Il campionato di calcio ÃÂ¨ iniziato ad Agosto,0,The football championship started in August,The football championship started in August,0.4404,0.4404,0.367,0.0,0.633,0.4404,0.367,0.0,0.633,0.4404,0.0,0.0,0.0,0.0, POSITIVE (0.8702), POSITIVE (0.8702),0.0,0.0,0.0,0.0
165,165,In Italia lo sport piÃÂ¹ praticato ÃÂ¨ il calcio,0,In Italy the most practiced sport is football,In Italy the most practiced sport is football,0.0,0.0,0.0,0.0,1.0,0.0,0.0,0.0,1.0,0.0,0.5,0.5,0.5,0.5, POSITIVE (0.9981), POSITIVE (0.9981),0.5,0.5,0.5,0.5
166,166,Domani cambio casa,0,I'm changing houses tomorrow.,Tomorrow I change home,0.0,0.0,0.0,0.0,1.0,0.0,0.0,0.0,1.0,0.0,0.0,0.0,0.0,0.0, POSITIVE (0.7875), POSITIVE (0.9162),0.0,0.0,0.0,0.0
167,167,I miei amici si sono trasferiti in una nuova casa,0,My friends moved into a new home,My friends moved to a new house,0.4767,0.4767,0.383,0.0,0.617,0.4767,0.383,0.0,0.617,0.4767,0.13636363636363635,0.45454545454545453,0.13636363636363635,0.45454545454545453, POSITIVE (0.9995), POSITIVE (0.9931),0.13636363636363635,0.45454545454545453,0.13636363636363635,0.45454545454545453
168,168,L'anno prossimo cambio auto,0,Next year car change,Next year car change,0.0,0.0,0.0,0.0,1.0,0.0,0.0,0.0,1.0,0.0,0.0,0.0,0.0,0.0, NEGATIVE (0.5304), NEGATIVE (0.5304),0.0,0.0,0.0,0.0
