,Number,Italian,Original,English_opus-mt-tc-big-it-en,English_Google,rating_score,rating_opus-mt,NLTKPositive,NLTKNegative,NLTKNeutral,NLTKSentiment,NLTKPositive-G,NLTKNegative-G,NLTKNeutral-G,NLTKSentiment-G,TextblobSentimentPolarity,TextblobSentimentSubjectivity,TextblobSentimentPolarity-G,TextblobSentimentSubjectivity-G,FlairSentiment,FlairSentiment-G,PatternSentimentPolarity,PatternSentimentSubjectivity,PatternSentimentPolarity-G,PatternSentimentSubjectivity-G,Opus,Google,Ideal Human Translation,BLEU_score_mt,chrF_score_mt,BLEU_score_gt,chrF_score_gt
0,0,General /commonly used Italian sentences -Positive,1,General /commonly used Italian sentences -Positive,General /commonly used Italian sentences -Positive,0.5859,0.5859,0.545,0.0,0.455,0.5859,0.545,0.0,0.455,0.5859,0.0924242424242424,0.3484848484848484,0.0924242424242424,0.3484848484848484, POSITIVE (0.9862), POSITIVE (0.9862),0.0924242424242424,0.3484848484848484,0.0924242424242424,0.3484848484848484,,,,,,,
1,1,Sono felice,1,I'm happy,I'm happy,0.5719,0.5719,0.787,0.0,0.213,0.5719,0.787,0.0,0.213,0.5719,0.8,1.0,0.8,1.0, POSITIVE (0.9925), POSITIVE (0.9925),0.8,1.0,0.8,1.0,True,True,I'm happy,BLEU = 100.00 100.0/100.0/0.0/0.0 (BP = 1.000 ratio = 1.000 hyp_len = 2 ref_len = 2),chrF2 = 100.00,BLEU = 100.00 100.0/100.0/0.0/0.0 (BP = 1.000 ratio = 1.000 hyp_len = 2 ref_len = 2),chrF2 = 100.00
2,2,Ieri alla festa mi sono divertita molto,1,Yesterday at the party I had a lot of fun,Yesterday at the party I had a lot of fun,0.7184,0.7184,0.5,0.0,0.5,0.7184,0.5,0.0,0.5,0.7184,0.3,0.2,0.3,0.2, POSITIVE (0.9973), POSITIVE (0.9973),0.3,0.2,0.3,0.2,True,True,Yesterday at the party I had a lot of fun,BLEU = 100.00 100.0/100.0/100.0/100.0 (BP = 1.000 ratio = 1.000 hyp_len = 10 ref_len = 10),chrF2 = 100.00,BLEU = 100.00 100.0/100.0/100.0/100.0 (BP = 1.000 ratio = 1.000 hyp_len = 10 ref_len = 10),chrF2 = 100.00
3,3,ÃÂ stato bello parlare con te,1,It was nice talking to you,It has been nice talking to you,0.4215,0.4215,0.359,0.0,0.641,0.4215,0.318,0.0,0.682,0.4215,0.6,1.0,0.6,1.0, POSITIVE (0.916), POSITIVE (0.959),0.6,1.0,0.6,1.0,True,True,It was nice talking to you,BLEU = 100.00 100.0/100.0/100.0/100.0 (BP = 1.000 ratio = 1.000 hyp_len = 6 ref_len = 6),chrF2 = 100.00,BLEU = 43.47 71.4/50.0/40.0/25.0 (BP = 1.000 ratio = 1.167 hyp_len = 7 ref_len = 6),chrF2 = 74.37
4,4,Ho trascorso una bella serata,1,I had a nice evening,I spent a nice evening,0.4215,0.4215,0.583,0.0,0.417,0.4215,0.583,0.0,0.417,0.4215,0.6,1.0,0.25,0.55, POSITIVE (0.9569), POSITIVE (0.9474),0.6,1.0,0.25,0.55,True,False,I had a nice evening,BLEU = 100.00 100.0/100.0/100.0/100.0 (BP = 1.000 ratio = 1.000 hyp_len = 5 ref_len = 5),chrF2 = 100.00,BLEU = 42.73 80.0/50.0/33.3/25.0 (BP = 1.000 ratio = 1.000 hyp_len = 5 ref_len = 5),chrF2 = 68.87
5,5,Oggi ÃÂ¨ una giornata serena,1,Today is a peaceful day,Today is a peaceful day,0.4939,0.4939,0.516,0.0,0.484,0.4939,0.516,0.0,0.484,0.4939,0.25,0.5,0.25,0.5, POSITIVE (0.989), POSITIVE (0.989),0.25,0.5,0.25,0.5,True,True,Today is a peaceful day,BLEU = 100.00 100.0/100.0/100.0/100.0 (BP = 1.000 ratio = 1.000 hyp_len = 5 ref_len = 5),chrF2 = 100.00,BLEU = 100.00 100.0/100.0/100.0/100.0 (BP = 1.000 ratio = 1.000 hyp_len = 5 ref_len = 5),chrF2 = 100.00
6,6,Sono al settimo cielo!,1,I'm in seventh heaven!,I'm in seventh heaven!,0.5562,0.5562,0.545,0.0,0.455,0.5562,0.545,0.0,0.455,0.5562,0.0,0.0,0.0,0.0, POSITIVE (0.9856), POSITIVE (0.9856),0.0,0.0,0.0,0.0,True,True,I'm in seventh heaven!,BLEU = 100.00 100.0/100.0/100.0/100.0 (BP = 1.000 ratio = 1.000 hyp_len = 5 ref_len = 5),chrF2 = 100.00,BLEU = 100.00 100.0/100.0/100.0/100.0 (BP = 1.000 ratio = 1.000 hyp_len = 5 ref_len = 5),chrF2 = 100.00
7,7,Ho il cuore pieno di gioia,1,My heart is full of joy,I have my heart full of joy,0.5859,0.5859,0.432,0.0,0.568,0.5859,0.432,0.0,0.568,0.5859,0.575,0.375,0.575,0.375, POSITIVE (0.997), POSITIVE (0.9957),0.575,0.375,0.575,0.375,True,True,My heart is full of joy,BLEU = 100.00 100.0/100.0/100.0/100.0 (BP = 1.000 ratio = 1.000 hyp_len = 6 ref_len = 6),chrF2 = 100.00,BLEU = 26.27 57.1/33.3/20.0/12.5 (BP = 1.000 ratio = 1.167 hyp_len = 7 ref_len = 6),chrF2 = 60.53
8,8,Sono innamorata,1,I'm in love,I'm in love,0.6369,0.6369,0.677,0.0,0.323,0.6369,0.677,0.0,0.323,0.6369,0.5,0.6,0.5,0.6, POSITIVE (0.9987), POSITIVE (0.9987),0.5,0.6,0.5,0.6,True,True,I'm in love,BLEU = 100.00 100.0/100.0/100.0/0.0 (BP = 1.000 ratio = 1.000 hyp_len = 3 ref_len = 3),chrF2 = 100.00,BLEU = 100.00 100.0/100.0/100.0/0.0 (BP = 1.000 ratio = 1.000 hyp_len = 3 ref_len = 3),chrF2 = 100.00
9,9,Hai un bellissimo sorriso,1,You have a beautiful smile,You have a beautiful smile,0.7506,0.7506,0.762,0.0,0.238,0.7506,0.762,0.0,0.238,0.7506,0.575,0.55,0.575,0.55, POSITIVE (0.9973), POSITIVE (0.9973),0.575,0.55,0.575,0.55,True,True,You have a beautiful smile,BLEU = 100.00 100.0/100.0/100.0/100.0 (BP = 1.000 ratio = 1.000 hyp_len = 5 ref_len = 5),chrF2 = 100.00,BLEU = 100.00 100.0/100.0/100.0/100.0 (BP = 1.000 ratio = 1.000 hyp_len = 5 ref_len = 5),chrF2 = 100.00
10,10,Che begli occhi!,1,What beautiful eyes!,Nice eyes!,0.4753,0.636,0.677,0.0,0.323,0.636,0.756,0.0,0.244,0.4753,1.0,1.0,0.75,1.0, POSITIVE (0.9992), POSITIVE (0.9987),1.0,1.0,0.75,1.0,True,False,What beautiful eyes!,BLEU = 100.00 100.0/100.0/100.0/100.0 (BP = 1.000 ratio = 1.000 hyp_len = 4 ref_len = 4),chrF2 = 100.00,BLEU = 39.43 66.7/50.0/50.0/0.0 (BP = 0.717 ratio = 0.750 hyp_len = 3 ref_len = 4),chrF2 = 19.02
11,11,Che bella ragazza!,1,What a beautiful girl!,What a pretty girl!,0.5411,0.636,0.677,0.0,0.323,0.636,0.636,0.0,0.364,0.5411,1.0,1.0,0.3125,1.0, POSITIVE (0.998), POSITIVE (0.9997),1.0,1.0,0.3125,1.0,True,False,What a beautiful girl!,BLEU = 100.00 100.0/100.0/100.0/100.0 (BP = 1.000 ratio = 1.000 hyp_len = 5 ref_len = 5),chrF2 = 100.00,BLEU = 30.21 80.0/50.0/16.7/12.5 (BP = 1.000 ratio = 1.000 hyp_len = 5 ref_len = 5),chrF2 = 31.27
12,12,Sei una persona fortunata,1,You're a lucky person.,You are a lucky person,0.4215,0.4215,0.583,0.0,0.417,0.4215,0.483,0.0,0.517,0.4215,0.3333333333333333,0.8333333333333334,0.3333333333333333,0.8333333333333334, POSITIVE (0.9995), POSITIVE (0.9996),0.3333333333333333,0.8333333333333334,0.3333333333333333,0.8333333333333334,True,True,You're a lucky person.,BLEU = 100.00 100.0/100.0/100.0/100.0 (BP = 1.000 ratio = 1.000 hyp_len = 5 ref_len = 5),chrF2 = 100.00,BLEU = 39.76 60.0/50.0/33.3/25.0 (BP = 1.000 ratio = 1.000 hyp_len = 5 ref_len = 5),chrF2 = 75.75
13,13,Che bello averti incontrato,1,It's so good to have met you.,How nice to have met you,0.4215,0.4927,0.347,0.0,0.653,0.4927,0.359,0.0,0.641,0.4215,0.7,0.6000000000000001,0.6,1.0, POSITIVE (0.9977), POSITIVE (0.999),0.7,0.6000000000000001,0.6,1.0,False,True,How nice to have met you,BLEU = 34.57 50.0/42.9/33.3/20.0 (BP = 1.000 ratio = 1.333 hyp_len = 8 ref_len = 6),chrF2 = 55.31,BLEU = 100.00 100.0/100.0/100.0/100.0 (BP = 1.000 ratio = 1.000 hyp_len = 6 ref_len = 6),chrF2 = 100.00
14,14,Mi piace molto il mio lavoro,1,I really like my job.,I really like my job,0.4201,0.4201,0.482,0.0,0.518,0.4201,0.482,0.0,0.518,0.4201,0.2,0.2,0.2,0.2, POSITIVE (0.9934), POSITIVE (0.9903),0.2,0.2,0.2,0.2,True,True,I really like my job.,BLEU = 100.00 100.0/100.0/100.0/100.0 (BP = 1.000 ratio = 1.000 hyp_len = 6 ref_len = 6),chrF2 = 100.00,BLEU = 81.87 100.0/100.0/100.0/100.0 (BP = 0.819 ratio = 0.833 hyp_len = 5 ref_len = 6),chrF2 = 94.32
15,15,Sei una brava persona,1,You're a good person,You're a good person,0.4404,0.4404,0.592,0.0,0.408,0.4404,0.592,0.0,0.408,0.4404,0.7,0.6000000000000001,0.7,0.6000000000000001, POSITIVE (0.9962), POSITIVE (0.9962),0.7,0.6000000000000001,0.7,0.6000000000000001,True,True,You're a good person,BLEU = 100.00 100.0/100.0/100.0/100.0 (BP = 1.000 ratio = 1.000 hyp_len = 4 ref_len = 4),chrF2 = 100.00,BLEU = 100.00 100.0/100.0/100.0/100.0 (BP = 1.000 ratio = 1.000 hyp_len = 4 ref_len = 4),chrF2 = 100.00
16,16,Mi piace tanto studiare,1,I like to study so much,I really like studying,0.4201,0.3612,0.385,0.0,0.615,0.3612,0.583,0.0,0.417,0.4201,0.2,0.2,0.2,0.2, POSITIVE (0.9536), POSITIVE (0.9815),0.2,0.2,0.2,0.2,False,True,I really like studying,BLEU = 9.65 33.3/10.0/6.2/4.2 (BP = 1.000 ratio = 1.500 hyp_len = 6 ref_len = 4),chrF2 = 24.67,BLEU = 100.00 100.0/100.0/100.0/100.0 (BP = 1.000 ratio = 1.000 hyp_len = 4 ref_len = 4),chrF2 = 100.00
17,17,Sono soddisfatto,1,I'm satisfied,I'm satisfied,0.4215,0.4215,0.737,0.0,0.263,0.4215,0.737,0.0,0.263,0.4215,0.5,1.0,0.5,1.0, POSITIVE (0.9938), POSITIVE (0.9938),0.5,1.0,0.5,1.0,True,True,I'm satisfied,BLEU = 100.00 100.0/100.0/0.0/0.0 (BP = 1.000 ratio = 1.000 hyp_len = 2 ref_len = 2),chrF2 = 100.00,BLEU = 100.00 100.0/100.0/0.0/0.0 (BP = 1.000 ratio = 1.000 hyp_len = 2 ref_len = 2),chrF2 = 100.00
18,18,Ho fatto un bel sogno,1,I had a good dream,I had a nice dream,0.5859,0.5994,0.831,0.0,0.169,0.5994,0.828,0.0,0.172,0.5859,0.7,0.6000000000000001,0.6,1.0, POSITIVE (0.9646), POSITIVE (0.9519),0.7,0.6000000000000001,0.6,1.0,False,True,I had a nice dream,BLEU = 42.73 80.0/50.0/33.3/25.0 (BP = 1.000 ratio = 1.000 hyp_len = 5 ref_len = 5),chrF2 = 39.89,BLEU = 100.00 100.0/100.0/100.0/100.0 (BP = 1.000 ratio = 1.000 hyp_len = 5 ref_len = 5),chrF2 = 100.00
19,19,Che dolce emozione!,1,What a sweet emotion!,What a sweet emotion!,0.5093,0.5093,0.622,0.0,0.378,0.5093,0.622,0.0,0.378,0.5093,0.4375,0.65,0.4375,0.65, POSITIVE (0.9996), POSITIVE (0.9996),0.4375,0.65,0.4375,0.65,True,True,What a sweet emotion!,BLEU = 100.00 100.0/100.0/100.0/100.0 (BP = 1.000 ratio = 1.000 hyp_len = 5 ref_len = 5),chrF2 = 100.00,BLEU = 100.00 100.0/100.0/100.0/100.0 (BP = 1.000 ratio = 1.000 hyp_len = 5 ref_len = 5),chrF2 = 100.00
20,20,Il pranzo ÃÂ¨ stato delizioso,1,Lunch was delicious,Lunch was delicious,0.5719,0.5719,0.649,0.0,0.351,0.5719,0.649,0.0,0.351,0.5719,1.0,1.0,1.0,1.0, POSITIVE (0.9937), POSITIVE (0.9937),1.0,1.0,1.0,1.0,True,True,Lunch was delicious,BLEU = 100.00 100.0/100.0/100.0/0.0 (BP = 1.000 ratio = 1.000 hyp_len = 3 ref_len = 3),chrF2 = 100.00,BLEU = 100.00 100.0/100.0/100.0/0.0 (BP = 1.000 ratio = 1.000 hyp_len = 3 ref_len = 3),chrF2 = 100.00
21,21,Il pane ÃÂ¨ buono,1,Bread is good,The bread is good,0.4404,0.4404,0.592,0.0,0.408,0.4404,0.492,0.0,0.508,0.4404,0.7,0.6000000000000001,0.7,0.6000000000000001, POSITIVE (0.9947), POSITIVE (0.9946),0.7,0.6000000000000001,0.7,0.6000000000000001,False,True,The bread is good,BLEU = 39.43 66.7/50.0/50.0/0.0 (BP = 0.717 ratio = 0.750 hyp_len = 3 ref_len = 4),chrF2 = 68.03,BLEU = 100.00 100.0/100.0/100.0/100.0 (BP = 1.000 ratio = 1.000 hyp_len = 4 ref_len = 4),chrF2 = 100.00
22,22,Abbracciare rende felici,1,Embracing makes you happy,Embracing makes it happy,0.5719,0.5719,0.552,0.0,0.448,0.5719,0.552,0.0,0.448,0.5719,0.8,1.0,0.8,1.0, POSITIVE (0.9964), POSITIVE (0.9955),0.8,1.0,0.8,1.0,False,False,Hugging makes people happy,BLEU = 19.00 50.0/16.7/12.5/12.5 (BP = 1.000 ratio = 1.000 hyp_len = 4 ref_len = 4),chrF2 = 39.72,BLEU = 19.00 50.0/16.7/12.5/12.5 (BP = 1.000 ratio = 1.000 hyp_len = 4 ref_len = 4),chrF2 = 38.63
23,23,L'abbraccio fa bene al cuore,1,Embrace is good for the heart,The embrace is good for the heart,0.6369,0.6369,0.565,0.0,0.435,0.6369,0.51,0.0,0.49,0.6369,0.7,0.6000000000000001,0.7,0.6000000000000001, POSITIVE (0.9942), POSITIVE (0.9931),0.7,0.6000000000000001,0.7,0.6000000000000001,False,False,A hug is good for the heart,BLEU = 64.32 83.3/80.0/75.0/66.7 (BP = 0.846 ratio = 0.857 hyp_len = 6 ref_len = 7),chrF2 = 75.72,BLEU = 61.48 71.4/66.7/60.0/50.0 (BP = 1.000 ratio = 1.000 hyp_len = 7 ref_len = 7),chrF2 = 74.16
24,24,Avere un buon amico rende la vita piÃÂ¹ bella,1,Having a good friend makes life more beautiful,Having a good friend makes life more beautiful,0.8832,0.8832,0.72,0.0,0.28,0.8832,0.72,0.0,0.28,0.8832,0.6833333333333332,0.7000000000000001,0.6833333333333332,0.7000000000000001, POSITIVE (0.9985), POSITIVE (0.9985),0.6833333333333332,0.7000000000000001,0.6833333333333332,0.7000000000000001,True,True,Having a good friend makes life more beautiful,BLEU = 100.00 100.0/100.0/100.0/100.0 (BP = 1.000 ratio = 1.000 hyp_len = 8 ref_len = 8),chrF2 = 100.00,BLEU = 100.00 100.0/100.0/100.0/100.0 (BP = 1.000 ratio = 1.000 hyp_len = 8 ref_len = 8),chrF2 = 100.00
25,25,Che bel sole!,1,What a beautiful sun!,What a beautiful sun!,0.636,0.636,0.677,0.0,0.323,0.636,0.677,0.0,0.323,0.636,1.0,1.0,1.0,1.0, POSITIVE (0.9995), POSITIVE (0.9995),1.0,1.0,1.0,1.0,True,True,What a beautiful sun!,BLEU = 100.00 100.0/100.0/100.0/100.0 (BP = 1.000 ratio = 1.000 hyp_len = 5 ref_len = 5),chrF2 = 100.00,BLEU = 100.00 100.0/100.0/100.0/100.0 (BP = 1.000 ratio = 1.000 hyp_len = 5 ref_len = 5),chrF2 = 100.00
26,26,Ho visto un bel film romantico,1,I've seen a good romantic movie.,I saw a nice romantic movie,0.6705,0.6808,0.651,0.0,0.349,0.6808,0.733,0.0,0.267,0.6705,0.35,0.55,0.3,0.75, POSITIVE (0.9781), POSITIVE (0.802),0.35,0.55,0.3,0.75,False,True,I saw a nice romantic movie,BLEU = 14.54 42.9/16.7/10.0/6.2 (BP = 1.000 ratio = 1.167 hyp_len = 7 ref_len = 6),chrF2 = 54.50,BLEU = 100.00 100.0/100.0/100.0/100.0 (BP = 1.000 ratio = 1.000 hyp_len = 6 ref_len = 6),chrF2 = 100.00
27,27,Ottima notizia!,1,Good news!,Excellent news!,0.6114,0.4926,0.761,0.0,0.239,0.4926,0.8,0.0,0.2,0.6114,0.875,0.6000000000000001,1.0,1.0, POSITIVE (0.9928), POSITIVE (0.9949),0.875,0.6000000000000001,1.0,1.0,False,True,Excellent news!,BLEU = 55.03 66.7/50.0/50.0/0.0 (BP = 1.000 ratio = 1.000 hyp_len = 3 ref_len = 3),chrF2 = 21.71,BLEU = 100.00 100.0/100.0/100.0/0.0 (BP = 1.000 ratio = 1.000 hyp_len = 3 ref_len = 3),chrF2 = 100.00
28,28,La mia squadra del cuore ha vinto.,1,My favorite team won.,My heart team won.,0.5719,0.7717,0.77,0.0,0.23,0.7717,0.552,0.0,0.448,0.5719,0.5,1.0,0.0,0.0, POSITIVE (0.9985), POSITIVE (0.9991),0.5,1.0,0.0,0.0,True,False,My favorite team won.,BLEU = 100.00 100.0/100.0/100.0/100.0 (BP = 1.000 ratio = 1.000 hyp_len = 5 ref_len = 5),chrF2 = 100.00,BLEU = 42.73 80.0/50.0/33.3/25.0 (BP = 1.000 ratio = 1.000 hyp_len = 5 ref_len = 5),chrF2 = 42.83
29,29,Ho letto un libro molto interessante,1,I read a very interesting book,I read a very interesting book,0.4576,0.4576,0.499,0.0,0.501,0.4576,0.499,0.0,0.501,0.4576,0.65,0.65,0.65,0.65, POSITIVE (0.9795), POSITIVE (0.9795),0.65,0.65,0.65,0.65,True,True,I read a very interesting book,BLEU = 100.00 100.0/100.0/100.0/100.0 (BP = 1.000 ratio = 1.000 hyp_len = 6 ref_len = 6),chrF2 = 100.00,BLEU = 100.00 100.0/100.0/100.0/100.0 (BP = 1.000 ratio = 1.000 hyp_len = 6 ref_len = 6),chrF2 = 100.00
30,30,Guardare il tramonto mi emoziona sempre,1,Watching the sunset always excites me,Watch the sunset always excites me,0.4767,0.4767,0.383,0.0,0.617,0.4767,0.383,0.0,0.617,0.4767,0.0,0.0,0.0,0.0, POSITIVE (0.9992), POSITIVE (0.9993),0.0,0.0,0.0,0.0,True,False,Watching the sunset always excites me,BLEU = 100.00 100.0/100.0/100.0/100.0 (BP = 1.000 ratio = 1.000 hyp_len = 6 ref_len = 6),chrF2 = 100.00,BLEU = 75.98 83.3/80.0/75.0/66.7 (BP = 1.000 ratio = 1.000 hyp_len = 6 ref_len = 6),chrF2 = 82.63
31,31,Sei raggiante!,1,You're glowing!,You are radiant!,0.5255,0.0,0.0,0.0,1.0,0.0,0.629,0.0,0.371,0.5255,0.0,0.0,0.0,0.0, POSITIVE (0.9999), POSITIVE (0.9997),0.0,0.0,0.0,0.0,True,False,You're glowing!,BLEU = 100.00 100.0/100.0/100.0/0.0 (BP = 1.000 ratio = 1.000 hyp_len = 3 ref_len = 3),chrF2 = 100.00,BLEU = 15.97 25.0/16.7/12.5/12.5 (BP = 1.000 ratio = 1.333 hyp_len = 4 ref_len = 3),chrF2 = 14.76
32,32,Che persona brillante!,1,What a brilliant person!,What a brilliant person!,0.6239,0.6239,0.672,0.0,0.328,0.6239,0.672,0.0,0.328,0.6239,1.0,1.0,1.0,1.0, POSITIVE (0.9991), POSITIVE (0.9991),1.0,1.0,1.0,1.0,True,True,What a brilliant person!,BLEU = 100.00 100.0/100.0/100.0/100.0 (BP = 1.000 ratio = 1.000 hyp_len = 5 ref_len = 5),chrF2 = 100.00,BLEU = 100.00 100.0/100.0/100.0/100.0 (BP = 1.000 ratio = 1.000 hyp_len = 5 ref_len = 5),chrF2 = 100.00
33,33,ÃÂ stata una vacanza da sogno!,1,It was a dream vacation!,It was a dream holiday!,0.6114,0.3164,0.433,0.0,0.567,0.3164,0.714,0.0,0.286,0.6114,0.0,0.0,0.0,0.0, POSITIVE (0.9955), POSITIVE (0.9957),0.0,0.0,0.0,0.0,True,False,It was a dream vacation!,BLEU = 100.00 100.0/100.0/100.0/100.0 (BP = 1.000 ratio = 1.000 hyp_len = 6 ref_len = 6),chrF2 = 100.00,BLEU = 53.73 83.3/60.0/50.0/33.3 (BP = 1.000 ratio = 1.000 hyp_len = 6 ref_len = 6),chrF2 = 52.00
34,34,Ti voglio molto bene,1,I love you very much,I love you very much,0.6369,0.6369,0.583,0.0,0.417,0.6369,0.583,0.0,0.417,0.6369,0.38,0.43,0.38,0.43, POSITIVE (0.9882), POSITIVE (0.9882),0.38,0.43,0.38,0.43,True,True,I love you very much,BLEU = 100.00 100.0/100.0/100.0/100.0 (BP = 1.000 ratio = 1.000 hyp_len = 5 ref_len = 5),chrF2 = 100.00,BLEU = 100.00 100.0/100.0/100.0/100.0 (BP = 1.000 ratio = 1.000 hyp_len = 5 ref_len = 5),chrF2 = 100.00
35,35,Che gioia!,1,What a joy!,What a joy!,0.6239,0.6239,0.804,0.0,0.196,0.6239,0.804,0.0,0.196,0.6239,1.0,0.2,1.0,0.2, POSITIVE (0.9992), POSITIVE (0.9992),1.0,0.2,1.0,0.2,True,True,What a joy!,BLEU = 100.00 100.0/100.0/100.0/100.0 (BP = 1.000 ratio = 1.000 hyp_len = 4 ref_len = 4),chrF2 = 100.00,BLEU = 100.00 100.0/100.0/100.0/100.0 (BP = 1.000 ratio = 1.000 hyp_len = 4 ref_len = 4),chrF2 = 100.00
36,36,Dai sempre il meglio di te!,1,Always give the best of you!,You always give the best of you!,0.6696,0.6696,0.473,0.0,0.527,0.6696,0.428,0.0,0.572,0.6696,1.0,0.3,1.0,0.3, POSITIVE (0.9983), POSITIVE (0.9979),1.0,0.3,1.0,0.3,True,False,Always give the best of you!,BLEU = 100.00 100.0/100.0/100.0/100.0 (BP = 1.000 ratio = 1.000 hyp_len = 7 ref_len = 7),chrF2 = 100.00,BLEU = 68.04 75.0/71.4/66.7/60.0 (BP = 1.000 ratio = 1.143 hyp_len = 8 ref_len = 7),chrF2 = 92.37
37,37,ÃÂ bello essere spensierati,1,It's good to be carefree,It's nice to be carefree,0.6705,0.6808,0.651,0.0,0.349,0.6808,0.647,0.0,0.353,0.6705,0.7,0.6000000000000001,0.6,1.0, POSITIVE (0.9964), POSITIVE (0.9939),0.7,0.6000000000000001,0.6,1.0,False,True,It's nice to be carefree,BLEU = 42.73 80.0/50.0/33.3/25.0 (BP = 1.000 ratio = 1.000 hyp_len = 5 ref_len = 5),chrF2 = 62.64,BLEU = 100.00 100.0/100.0/100.0/100.0 (BP = 1.000 ratio = 1.000 hyp_len = 5 ref_len = 5),chrF2 = 100.00
38,38, Sei una persona molto dolce,1,You're a very sweet person,You are a very sweet person,0.5095,0.5095,0.523,0.0,0.477,0.5095,0.452,0.0,0.548,0.5095,0.4549999999999999,0.8450000000000001,0.4549999999999999,0.8450000000000001, POSITIVE (0.9994), POSITIVE (0.9989),0.4549999999999999,0.8450000000000001,0.4549999999999999,0.8450000000000001,True,True,You're a very sweet person,BLEU = 100.00 100.0/100.0/100.0/100.0 (BP = 1.000 ratio = 1.000 hyp_len = 5 ref_len = 5),chrF2 = 100.00,BLEU = 50.81 66.7/60.0/50.0/33.3 (BP = 1.000 ratio = 1.200 hyp_len = 6 ref_len = 5),chrF2 = 84.02
39,39,Ho fatto una bella corsa.,1,I had a good run.,I made a good race.,0.4404,0.4404,0.592,0.0,0.408,0.4404,0.592,0.0,0.408,0.4404,0.7,0.6000000000000001,0.7,0.6000000000000001, POSITIVE (0.9715), POSITIVE (0.9958),0.7,0.6000000000000001,0.7,0.6000000000000001,True,False,I had a good run.,BLEU = 100.00 100.0/100.0/100.0/100.0 (BP = 1.000 ratio = 1.000 hyp_len = 6 ref_len = 6),chrF2 = 100.00,BLEU = 19.30 66.7/20.0/12.5/8.3 (BP = 1.000 ratio = 1.000 hyp_len = 6 ref_len = 6),chrF2 = 36.69
40,40,Sono stata in un posto bellissimo,1,I've been to a beautiful place,I was in a beautiful place,0.5994,0.5994,0.494,0.0,0.506,0.5994,0.565,0.0,0.435,0.5994,0.85,1.0,0.85,1.0, POSITIVE (0.9972), POSITIVE (0.9945),0.85,1.0,0.85,1.0,True,False,I've been to a beautiful place,BLEU = 100.00 100.0/100.0/100.0/100.0 (BP = 1.000 ratio = 1.000 hyp_len = 6 ref_len = 6),chrF2 = 100.00,BLEU = 30.21 50.0/40.0/25.0/16.7 (BP = 1.000 ratio = 1.000 hyp_len = 6 ref_len = 6),chrF2 = 58.72
41,41,Sei una persona di successo,1,You are a successful person,You are a successful person,0.5859,0.5859,0.559,0.0,0.441,0.5859,0.559,0.0,0.441,0.5859,0.75,0.95,0.75,0.95, POSITIVE (0.9899), POSITIVE (0.9899),0.75,0.95,0.75,0.95,True,True,You are a successful person,BLEU = 100.00 100.0/100.0/100.0/100.0 (BP = 1.000 ratio = 1.000 hyp_len = 5 ref_len = 5),chrF2 = 100.00,BLEU = 100.00 100.0/100.0/100.0/100.0 (BP = 1.000 ratio = 1.000 hyp_len = 5 ref_len = 5),chrF2 = 100.00
42,42,Meriti tutto il bene del mondo!,1,You deserve all the good in the world!,You deserve the whole good of the world!,0.4926,0.4926,0.313,0.0,0.687,0.4926,0.313,0.0,0.687,0.4926,0.875,0.6000000000000001,0.5375,0.5, POSITIVE (0.9872), POSITIVE (0.9663),0.875,0.6000000000000001,0.5375,0.5,True,False,You deserve all the good in the world!,BLEU = 100.00 100.0/100.0/100.0/100.0 (BP = 1.000 ratio = 1.000 hyp_len = 9 ref_len = 9),chrF2 = 100.00,BLEU = 24.27 77.8/37.5/14.3/8.3 (BP = 1.000 ratio = 1.000 hyp_len = 9 ref_len = 9),chrF2 = 59.50
43,43,Ti auguro ogni bene!,1,I wish you all the best!,I wish you all the best!,0.8016,0.8016,0.706,0.0,0.294,0.8016,0.706,0.0,0.294,0.8016,1.0,0.3,1.0,0.3, POSITIVE (0.9873), POSITIVE (0.9873),1.0,0.3,1.0,0.3,True,True,I wish you all the best!,BLEU = 100.00 100.0/100.0/100.0/100.0 (BP = 1.000 ratio = 1.000 hyp_len = 7 ref_len = 7),chrF2 = 100.00,BLEU = 100.00 100.0/100.0/100.0/100.0 (BP = 1.000 ratio = 1.000 hyp_len = 7 ref_len = 7),chrF2 = 100.00
44,44,Ridere fa bene alla salute!,1,Laughing is good for your health!,Laughter is good for health!,0.75,0.75,0.615,0.0,0.385,0.75,0.681,0.0,0.319,0.75,0.875,0.6000000000000001,0.875,0.6000000000000001, POSITIVE (0.9953), POSITIVE (0.9976),0.875,0.6000000000000001,0.875,0.6000000000000001,True,False,Laughing is good for your health!,BLEU = 100.00 100.0/100.0/100.0/100.0 (BP = 1.000 ratio = 1.000 hyp_len = 7 ref_len = 7),chrF2 = 100.00,BLEU = 32.16 83.3/60.0/25.0/16.7 (BP = 0.846 ratio = 0.857 hyp_len = 6 ref_len = 7),chrF2 = 57.54
45,45,Ho apprezzato molto il tuo aiuto.,1,I really appreciate your help.,I really appreciated your help.,0.762,0.7146,0.749,0.0,0.251,0.7146,0.766,0.0,0.234,0.762,0.2,0.2,0.2,0.1, POSITIVE (0.9579), POSITIVE (0.9699),0.2,0.2,0.2,0.1,True,True,I really appreciate your help.,BLEU = 100.00 100.0/100.0/100.0/100.0 (BP = 1.000 ratio = 1.000 hyp_len = 6 ref_len = 6),chrF2 = 100.00,BLEU = 37.99 83.3/60.0/25.0/16.7 (BP = 1.000 ratio = 1.000 hyp_len = 6 ref_len = 6),chrF2 = 88.02
46,46,Una dolce carezza.,1,A sweet caress.,A sweet caress.,0.4588,0.4588,0.75,0.0,0.25,0.4588,0.75,0.0,0.25,0.4588,0.35,0.65,0.35,0.65, POSITIVE (0.9967), POSITIVE (0.9967),0.35,0.65,0.35,0.65,True,True,A sweet caress.,BLEU = 100.00 100.0/100.0/100.0/100.0 (BP = 1.000 ratio = 1.000 hyp_len = 4 ref_len = 4),chrF2 = 100.00,BLEU = 100.00 100.0/100.0/100.0/100.0 (BP = 1.000 ratio = 1.000 hyp_len = 4 ref_len = 4),chrF2 = 100.00
47,47,Il tuo regalo mi piace molto,1,I like your gift very much,I really like your gift,0.7146,0.6597,0.643,0.0,0.357,0.6597,0.749,0.0,0.251,0.7146,0.26,0.26,0.2,0.2, POSITIVE (0.9747), POSITIVE (0.9868),0.26,0.26,0.2,0.2,False,True,I really like your gift,BLEU = 32.47 66.7/40.0/25.0/16.7 (BP = 1.000 ratio = 1.200 hyp_len = 6 ref_len = 5),chrF2 = 59.20,BLEU = 100.00 100.0/100.0/100.0/100.0 (BP = 1.000 ratio = 1.000 hyp_len = 5 ref_len = 5),chrF2 = 100.00
48,48,Buon compleanno!,1,Happy birthday!,Happy birthday!,0.6114,0.6114,0.8,0.0,0.2,0.6114,0.8,0.0,0.2,0.6114,1.0,1.0,1.0,1.0, POSITIVE (0.9965), POSITIVE (0.9965),1.0,1.0,1.0,1.0,True,True,Happy birthday!,BLEU = 100.00 100.0/100.0/100.0/0.0 (BP = 1.000 ratio = 1.000 hyp_len = 3 ref_len = 3),chrF2 = 100.00,BLEU = 100.00 100.0/100.0/100.0/0.0 (BP = 1.000 ratio = 1.000 hyp_len = 3 ref_len = 3),chrF2 = 100.00
49,49,Felice anniversario!,1,Happy anniversary!,Happy Anniversary!,0.6114,0.6114,0.8,0.0,0.2,0.6114,0.8,0.0,0.2,0.6114,1.0,1.0,1.0,1.0, POSITIVE (0.998), POSITIVE (0.998),1.0,1.0,1.0,1.0,True,True,Happy anniversary!,BLEU = 100.00 100.0/100.0/100.0/0.0 (BP = 1.000 ratio = 1.000 hyp_len = 3 ref_len = 3),chrF2 = 100.00,BLEU = 34.67 66.7/25.0/25.0/0.0 (BP = 1.000 ratio = 1.000 hyp_len = 3 ref_len = 3),chrF2 = 74.10
50,50,Congratulazioni!,1,Congratulations!,Congratulations!,0.636,0.636,1.0,0.0,0.0,0.636,1.0,0.0,0.0,0.636,0.0,0.0,0.0,0.0, POSITIVE (0.9964), POSITIVE (0.9964),0.0,0.0,0.0,0.0,True,True,Congratulations!,BLEU = 100.00 100.0/100.0/0.0/0.0 (BP = 1.000 ratio = 1.000 hyp_len = 2 ref_len = 2),chrF2 = 100.00,BLEU = 100.00 100.0/100.0/0.0/0.0 (BP = 1.000 ratio = 1.000 hyp_len = 2 ref_len = 2),chrF2 = 100.00
51,51,Quando passeggio tra la natura mi sento sempre felice e rilassata,1,When I walk through nature I always feel happy and relaxed,When I walk between nature I always feel happy and relaxed,0.7845,0.7845,0.496,0.0,0.504,0.7845,0.496,0.0,0.504,0.7845,0.8,1.0,0.8,1.0, POSITIVE (0.9978), POSITIVE (0.9976),0.8,1.0,0.8,1.0,True,True,When I walk through nature I always feel happy and relaxed,BLEU = 100.00 100.0/100.0/100.0/100.0 (BP = 1.000 ratio = 1.000 hyp_len = 11 ref_len = 11),chrF2 = 100.00,BLEU = 70.17 90.9/80.0/66.7/50.0 (BP = 1.000 ratio = 1.000 hyp_len = 11 ref_len = 11),chrF2 = 79.30
52,52,Viaggiare in treno da sola ÃÂ¨ un esperienza bellissima ed estremamente rilassante,1,Traveling by train alone is a beautiful and extremely relaxing experience,Traveling by train alone is a beautiful and extremely relaxing experience,0.7501,0.7501,0.451,0.122,0.427,0.7501,0.451,0.122,0.427,0.7501,0.3625,1.0,0.3625,1.0, POSITIVE (0.9978), POSITIVE (0.9978),0.3625,1.0,0.3625,1.0,True,True,Traveling by train alone is a beautiful and extremely relaxing experience,BLEU = 100.00 100.0/100.0/100.0/100.0 (BP = 1.000 ratio = 1.000 hyp_len = 11 ref_len = 11),chrF2 = 100.00,BLEU = 100.00 100.0/100.0/100.0/100.0 (BP = 1.000 ratio = 1.000 hyp_len = 11 ref_len = 11),chrF2 = 100.00
53,53,Domani si sposa mio cugino ed io non vedo lÃÂora di andare al matrimonio. Dopo molti anni finalmente avrÃÂ² lÃÂoccasione di rivedere tutta la famiglia.,1,Tomorrow my cousin gets married and I can't wait to go to the wedding. After many years I will finally have the opportunity to see the whole family again.,Tomorrow my cousin gets married and I can't wait to go to the wedding.After many years I will finally have the opportunity to review the whole family.,0.4215,0.4215,0.097,0.0,0.903,0.4215,0.104,0.0,0.896,0.4215,0.2375,0.5375,0.2375,0.5375, POSITIVE (0.9988), POSITIVE (0.9988),0.2375,0.5375,0.2375,0.5375,True,False,Tomorrow my cousin gets married and I can't wait to go to the wedding. After many years I will finally have the opportunity to see the whole family again.,BLEU = 100.00 100.0/100.0/100.0/100.0 (BP = 1.000 ratio = 1.000 hyp_len = 31 ref_len = 31),chrF2 = 100.00,BLEU = 85.31 96.7/89.7/85.7/81.5 (BP = 0.967 ratio = 0.968 hyp_len = 30 ref_len = 31),chrF2 = 91.49
54,54,I bambini sono stati felici di andare al parco giochi. Si sono divertiti ad andare sulle giostre e a mangiare zucchero filato.,1,The kids were happy to go to the playground. They had fun going on rides and eating cotton candy.,The children were happy to go to the playground.They had fun going to the rides and eating cotton candy.,0.7906,0.7906,0.292,0.0,0.708,0.7906,0.292,0.0,0.708,0.7906,0.55,0.6,0.55,0.6, POSITIVE (0.9957), POSITIVE (0.9963),0.55,0.6,0.55,0.6,True,False,The kids were happy to go to the playground. They had fun going on rides and eating cotton candy.,BLEU = 100.00 100.0/100.0/100.0/100.0 (BP = 1.000 ratio = 1.000 hyp_len = 21 ref_len = 21),chrF2 = 100.00,BLEU = 73.44 86.4/76.2/70.0/63.2 (BP = 1.000 ratio = 1.048 hyp_len = 22 ref_len = 21),chrF2 = 85.47
55,55,"A mia figlia piace molto ballare e quando ÃÂ¨ sul palco ÃÂ¨ felice, a suo agioÃÂ e a me piace molto vederla ballare.",1,"My daughter really likes to dance and when she's on stage she's happy, comfortable and I really like to see her dance.","My daughter likes to dance and when she is on stage she is happy, at ease and I really like to see her dance.",0.8955,0.9167,0.431,0.0,0.569,0.9167,0.383,0.0,0.617,0.8955,0.3999999999999999,0.55,0.5,0.6, POSITIVE (0.9905), POSITIVE (0.9891),0.3999999999999999,0.55,0.5,0.6,True,False,"My daughter really likes to dance and when she's on stage she's happy, comfortable and I really like to see her dance.",BLEU = 100.00 100.0/100.0/100.0/100.0 (BP = 1.000 ratio = 1.000 hyp_len = 24 ref_len = 24),chrF2 = 100.00,BLEU = 50.86 76.9/60.0/41.7/34.8 (BP = 1.000 ratio = 1.083 hyp_len = 26 ref_len = 24),chrF2 = 72.78
56,56,LÃÂaccessorio piÃÂ¹ bello da indossare ÃÂ¨ il sorriso perchÃÂ© trasmette gioia e felicitÃÂ  alle persone che incontriamo.,1,The most beautiful accessory to wear is the smile because it conveys joy and happiness to the people we meet.,The most beautiful accessory to wear is the smile because it transmits joy and happiness to the people we meet.,0.9336,0.9336,0.468,0.0,0.532,0.9336,0.468,0.0,0.532,0.9336,0.6300000000000001,0.4,0.6300000000000001,0.4, POSITIVE (0.9994), POSITIVE (0.9994),0.6300000000000001,0.4,0.6300000000000001,0.4,False,False,The most beautidul accesory to wear is a smile because it conveys ,BLEU = 18.33 42.9/30.0/15.8/5.6 (BP = 1.000 ratio = 1.750 hyp_len = 21 ref_len = 12),chrF2 = 73.25,BLEU = 12.92 38.1/25.0/10.5/2.8 (BP = 1.000 ratio = 1.750 hyp_len = 21 ref_len = 12),chrF2 = 62.26
57,57,Le persone solari e allegre sono meravigliose e portano tanta felicitÃÂ  a chi li circonde.,1,Solar and cheerful people are wonderful and bring so much happiness to those around them.,Solar and cheerful people are wonderful and bring so much happiness to those who surround them.,0.9017,0.9017,0.48,0.0,0.52,0.9017,0.46,0.0,0.54,0.9017,0.6999999999999998,0.7333333333333334,0.6999999999999998,0.7333333333333334, POSITIVE (0.9956), POSITIVE (0.9969),0.6999999999999998,0.7333333333333334,0.6999999999999998,0.7333333333333334,True,False,Solar and cheerful people are wonderful and bring so much happiness to those around them.,BLEU = 100.00 100.0/100.0/100.0/100.0 (BP = 1.000 ratio = 1.000 hyp_len = 16 ref_len = 16),chrF2 = 100.00,BLEU = 78.28 88.2/81.2/73.3/71.4 (BP = 1.000 ratio = 1.062 hyp_len = 17 ref_len = 16),chrF2 = 93.82
58,58,Una delle esperienze piÃÂ¹ belle della mia vita ÃÂ¨ stata quella di diventare mamma. Mi ha reso una donna migliore e certamente piÃÂ¹ felice,1,One of the best experiences of my life was becoming a mom. It made me a better woman and certainly happier,One of the most beautiful experiences of my life was to become a mother.She made me a better and certainly happier woman,0.9168,0.9169,0.462,0.0,0.538,0.9169,0.446,0.0,0.554,0.9168,0.5410714285714285,0.5553571428571429,0.5160714285714286,0.6428571428571428, POSITIVE (0.9928), POSITIVE (0.995),0.5410714285714285,0.5553571428571429,0.5160714285714286,0.6428571428571428,False,True,One of the most beautiful experiences of my life was to become a mother.She made me a better and certainly happier woman,BLEU = 35.82 81.8/52.4/35.0/15.8 (BP = 0.913 ratio = 0.917 hyp_len = 22 ref_len = 24),chrF2 = 64.91,BLEU = 100.00 100.0/100.0/100.0/100.0 (BP = 1.000 ratio = 1.000 hyp_len = 24 ref_len = 24),chrF2 = 100.00
59,59,"Ho visto il nuovo film di Tom Cruise, ÃÂMaverickÃÂ, e devo dire che mi ha emozionato perchÃÂ© mi ha riportato alla mia gioventÃÂ¹.",1,"I saw the new Tom Cruise movie, Maverick, and I have to say it got me excited because it brought me back to my youth.","I saw Tom Cruise's new film, Maverick, and I must say that he excited me because he brought me back to my youth.",0.34,0.34,0.098,0.0,0.902,0.34,0.107,0.0,0.893,0.34,0.1704545454545454,0.4015151515151515,0.1704545454545454,0.4015151515151515, POSITIVE (0.9996), POSITIVE (0.9996),0.1704545454545454,0.4015151515151515,0.1704545454545454,0.4015151515151515,True,False,"I saw the new Tom Cruise movie, Maverick, and I have to say it got me excited because it brought me back to my youth.",BLEU = 100.00 100.0/100.0/100.0/100.0 (BP = 1.000 ratio = 1.000 hyp_len = 28 ref_len = 28),chrF2 = 100.00,BLEU = 38.35 76.9/44.0/33.3/26.1 (BP = 0.926 ratio = 0.929 hyp_len = 26 ref_len = 28),chrF2 = 61.62
60,60,LÃÂesperienza studio in Italia ÃÂ¨ stata unica. Mi ha cambiato letteralmente la vita e mi ha aperto gli occhi su una nuova realtÃÂ .,1,The study experience in Italy was unique. It literally changed my life and opened my eyes to a new reality.,The study experience in Italy was unique.She literally changed my life and opened my eyes on a new reality.,0.0,0.0,0.0,0.0,1.0,0.0,0.0,0.0,1.0,0.0,0.2556818181818182,0.7272727272727273,0.1363636363636363,0.4545454545454545, POSITIVE (0.9996), POSITIVE (0.9989),0.2556818181818182,0.7272727272727273,0.1363636363636363,0.4545454545454545,True,False,The study experience in Italy was unique. It literally changed my life and opened my eyes to a new reality.,BLEU = 100.00 100.0/100.0/100.0/100.0 (BP = 1.000 ratio = 1.000 hyp_len = 22 ref_len = 22),chrF2 = 100.00,BLEU = 73.90 90.9/81.0/70.0/57.9 (BP = 1.000 ratio = 1.000 hyp_len = 22 ref_len = 22),chrF2 = 89.37
61,61,Mi sento una donna molto fortunate perchÃÂ¨ faccio un lavoro che amo e quando sono in classe con mi miei studenti mi sento felice.,1,I feel like a very lucky woman because I do a job that I love and when I'm in class with my students I feel happy.,I feel like a very lucky woman because I do a job that I love and when I am in class with my students I feel happy.,0.9259,0.9259,0.457,0.0,0.543,0.9259,0.457,0.0,0.543,0.9259,0.5777777777777778,0.8666666666666667,0.5777777777777778,0.8666666666666667, POSITIVE (0.9925), POSITIVE (0.9911),0.5777777777777778,0.8666666666666667,0.5777777777777778,0.8666666666666667,True,True,I feel like a very lucky woman because I do a job that I love and when I'm in class with my students I feel happy.,BLEU = 100.00 100.0/100.0/100.0/100.0 (BP = 1.000 ratio = 1.000 hyp_len = 27 ref_len = 27),chrF2 = 100.00,BLEU = 86.46 92.9/88.9/84.6/80.0 (BP = 1.000 ratio = 1.037 hyp_len = 28 ref_len = 27),chrF2 = 95.91
62,62,"Ieri ho visitato un museo dÃÂarte molto interessante e mi ÃÂ¨ piaciuto moltissimo, ci voglio ritornare!",1,"Yesterday I visited a very interesting art museum and I loved it, I want to go back!","Yesterday I visited a very interesting art museum and I liked it very much, I want to go back!",0.7693,0.8169,0.459,0.0,0.541,0.8169,0.39,0.0,0.61,0.7693,0.45,0.4833333333333334,0.3775,0.4275, POSITIVE (0.9827), POSITIVE (0.956),0.45,0.4833333333333334,0.3775,0.4275,True,True,"Yesterday I visited a very interesting art museum and I loved it, I want to go back!",BLEU = 100.00 100.0/100.0/100.0/100.0 (BP = 1.000 ratio = 1.000 hyp_len = 19 ref_len = 19),chrF2 = 100.00,BLEU = 72.00 85.7/75.0/68.4/61.1 (BP = 1.000 ratio = 1.105 hyp_len = 21 ref_len = 19),chrF2 = 87.79
63,63,General /commonly used Italian sentences -Negative,-1,General /commonly used Italian sentences -Negative,General /commonly used Italian sentences -Negative,-0.5423,-0.5423,0.135,0.416,0.449,-0.5423,0.135,0.416,0.449,-0.5423,-0.0833333333333333,0.3,-0.0833333333333333,0.3, NEGATIVE (0.9999), NEGATIVE (0.9999),-0.0833333333333333,0.3,-0.0833333333333333,0.3,,,,,,,
64,64,Sono arrabbiato,-1,I'm angry,I am angry,-0.5106,-0.5106,0.0,0.767,0.233,-0.5106,0.0,0.767,0.233,-0.5106,-0.5,1.0,-0.5,1.0, NEGATIVE (0.9991), NEGATIVE (0.9985),-0.5,1.0,-0.5,1.0,True,True,I'm angry,BLEU = 100.00 100.0/100.0/0.0/0.0 (BP = 1.000 ratio = 1.000 hyp_len = 2 ref_len = 2),chrF2 = 100.00,BLEU = 27.52 33.3/25.0/25.0/0.0 (BP = 1.000 ratio = 1.500 hyp_len = 3 ref_len = 2),chrF2 = 61.49
65,65,Che tristezza!,-1,How sad!,How sad!,-0.5255,-0.5255,0.0,0.772,0.228,-0.5255,0.0,0.772,0.228,-0.5255,-0.625,1.0,-0.625,1.0, NEGATIVE (0.9996), NEGATIVE (0.9996),-0.625,1.0,-0.625,1.0,True,True,How sad!,BLEU = 100.00 100.0/100.0/100.0/0.0 (BP = 1.000 ratio = 1.000 hyp_len = 3 ref_len = 3),chrF2 = 100.00,BLEU = 100.00 100.0/100.0/100.0/0.0 (BP = 1.000 ratio = 1.000 hyp_len = 3 ref_len = 3),chrF2 = 100.00
66,66,Questo ÃÂ¨ un grosso guaio!,-1,This is big trouble!,This is a big trouble!,-0.4574,-0.4574,0.0,0.499,0.501,-0.4574,0.0,0.499,0.501,-0.4574,-0.125,0.15,-0.125,0.15, NEGATIVE (0.9996), NEGATIVE (0.9996),-0.125,0.15,-0.125,0.15,True,True,This is big trouble!,BLEU = 100.00 100.0/100.0/100.0/100.0 (BP = 1.000 ratio = 1.000 hyp_len = 5 ref_len = 5),chrF2 = 100.00,BLEU = 37.99 83.3/60.0/25.0/16.7 (BP = 1.000 ratio = 1.200 hyp_len = 6 ref_len = 5),chrF2 = 80.00
67,67,Non mi piace quello che dici,-1,I don't like what you say.,I don't like what you say,-0.2755,-0.2755,0.0,0.345,0.655,-0.2755,0.0,0.345,0.655,-0.2755,0.0,0.0,0.0,0.0, NEGATIVE (0.9978), NEGATIVE (0.9978),0.0,0.0,0.0,0.0,True,True,I don't like what you say.,BLEU = 100.00 100.0/100.0/100.0/100.0 (BP = 1.000 ratio = 1.000 hyp_len = 7 ref_len = 7),chrF2 = 100.00,BLEU = 84.65 100.0/100.0/100.0/100.0 (BP = 0.846 ratio = 0.857 hyp_len = 6 ref_len = 7),chrF2 = 95.59
68,68,Ho visto un film d'orrore ed ora ho paura,-1,I've seen a horror movie and now I'm scared,I saw a horror movie and now I'm afraid,-0.5719,-0.765,0.0,0.524,0.476,-0.765,0.0,0.381,0.619,-0.5719,0.0,0.0,-0.6,0.9, NEGATIVE (0.6139), NEGATIVE (0.9993),0.0,0.0,-0.6,0.9,False,True,I saw a horror movie and now I'm afraid,BLEU = 58.74 66.7/62.5/57.1/50.0 (BP = 1.000 ratio = 1.000 hyp_len = 9 ref_len = 9),chrF2 = 65.64,BLEU = 100.00 100.0/100.0/100.0/100.0 (BP = 1.000 ratio = 1.000 hyp_len = 9 ref_len = 9),chrF2 = 100.00
69,69,Sono molto triste,-1,I'm very sad,I am very sad,-0.5256,-0.5256,0.0,0.629,0.371,-0.5256,0.0,0.629,0.371,-0.5256,-0.65,1.0,-0.65,1.0, NEGATIVE (0.9989), NEGATIVE (0.9977),-0.65,1.0,-0.65,1.0,False,True,I am very sad,BLEU = 39.43 66.7/50.0/50.0/0.0 (BP = 0.717 ratio = 0.750 hyp_len = 3 ref_len = 4),chrF2 = 73.48,BLEU = 100.00 100.0/100.0/100.0/100.0 (BP = 1.000 ratio = 1.000 hyp_len = 4 ref_len = 4),chrF2 = 100.00
70,70,Ho trascorso una giornataccia!,-1,I had a bad day!,I spent a day!,0.0,-0.5848,0.0,0.655,0.345,-0.5848,0.0,0.0,1.0,0.0,-0.8749999999999998,0.6666666666666666,-0.125,0.1, NEGATIVE (0.9989), NEGATIVE (0.9993),-0.8749999999999998,0.6666666666666666,-0.125,0.1,True,False,I had a bad day!,BLEU = 100.00 100.0/100.0/100.0/100.0 (BP = 1.000 ratio = 1.000 hyp_len = 6 ref_len = 6),chrF2 = 100.00,BLEU = 20.80 80.0/25.0/16.7/12.5 (BP = 0.819 ratio = 0.833 hyp_len = 5 ref_len = 6),chrF2 = 21.64
71,71,Il buio mi fa paura,-1,The dark scares me,The darkness scares me,-0.5267,-0.34,0.0,0.444,0.556,-0.34,0.0,0.688,0.312,-0.5267,-0.15,0.4,0.0,0.0, NEGATIVE (0.9831), NEGATIVE (0.9949),-0.15,0.4,0.0,0.0,True,False,The dark scares me,BLEU = 100.00 100.0/100.0/100.0/100.0 (BP = 1.000 ratio = 1.000 hyp_len = 4 ref_len = 4),chrF2 = 100.00,BLEU = 35.36 75.0/33.3/25.0/25.0 (BP = 1.000 ratio = 1.000 hyp_len = 4 ref_len = 4),chrF2 = 73.08
72,72,La solitudine ÃÂ¨ triste,-1,Loneliness is sad,Solitude is sad,-0.4767,-0.7096,0.0,0.855,0.145,-0.7096,0.0,0.608,0.392,-0.4767,-0.5,1.0,-0.5,1.0, NEGATIVE (0.9879), NEGATIVE (0.9243),-0.5,1.0,-0.5,1.0,True,False,Loneliness is sad,BLEU = 100.00 100.0/100.0/100.0/0.0 (BP = 1.000 ratio = 1.000 hyp_len = 3 ref_len = 3),chrF2 = 100.00,BLEU = 55.03 66.7/50.0/50.0/0.0 (BP = 1.000 ratio = 1.000 hyp_len = 3 ref_len = 3),chrF2 = 24.82
73,73,Che brutto!,-1,That's ugly!,How bad!,-0.5848,-0.5562,0.0,0.782,0.218,-0.5562,0.0,0.791,0.209,-0.5848,-0.875,1.0,-0.8749999999999998,0.6666666666666666, NEGATIVE (0.9999), NEGATIVE (1.0),-0.875,1.0,-0.8749999999999998,0.6666666666666666,True,False,That's ugly!,BLEU = 100.00 100.0/100.0/100.0/0.0 (BP = 1.000 ratio = 1.000 hyp_len = 3 ref_len = 3),chrF2 = 100.00,BLEU = 27.52 33.3/25.0/25.0/0.0 (BP = 1.000 ratio = 1.000 hyp_len = 3 ref_len = 3),chrF2 = 3.27
74,74,Mi hai delusa,-1,You let me down.,You disappointed me,-0.4767,0.0,0.0,0.0,1.0,0.0,0.0,0.608,0.392,-0.4767,-0.1555555555555555,0.2888888888888889,-0.75,0.75, POSITIVE (0.6654), NEGATIVE (0.9942),-0.1555555555555555,0.2888888888888889,-0.75,0.75,True,False,You let me down.,BLEU = 100.00 100.0/100.0/100.0/100.0 (BP = 1.000 ratio = 1.000 hyp_len = 5 ref_len = 5),chrF2 = 100.00,BLEU = 17.80 66.7/25.0/25.0/0.0 (BP = 0.513 ratio = 0.600 hyp_len = 3 ref_len = 5),chrF2 = 18.70
75,75,Che delusione!,-1,What a disappointment!,What a disappointment!,-0.5562,-0.5562,0.0,0.782,0.218,-0.5562,0.0,0.782,0.218,-0.5562,-0.75,0.4,-0.75,0.4, NEGATIVE (1.0), NEGATIVE (1.0),-0.75,0.4,-0.75,0.4,True,True,What a disappointment!,BLEU = 100.00 100.0/100.0/100.0/100.0 (BP = 1.000 ratio = 1.000 hyp_len = 4 ref_len = 4),chrF2 = 100.00,BLEU = 100.00 100.0/100.0/100.0/100.0 (BP = 1.000 ratio = 1.000 hyp_len = 4 ref_len = 4),chrF2 = 100.00
76,76,Ho visto un film orribbile,-1,I've seen a horrible movie.,I saw a horrible movie,-0.5423,-0.5423,0.0,0.538,0.462,-0.5423,0.0,0.636,0.364,-0.5423,-1.0,1.0,-1.0,1.0, NEGATIVE (1.0), NEGATIVE (1.0),-1.0,1.0,-1.0,1.0,False,True,I saw a horrible movie,BLEU = 30.21 50.0/40.0/25.0/16.7 (BP = 1.000 ratio = 1.200 hyp_len = 6 ref_len = 5),chrF2 = 71.13,BLEU = 100.00 100.0/100.0/100.0/100.0 (BP = 1.000 ratio = 1.000 hyp_len = 5 ref_len = 5),chrF2 = 100.00
77,77,Ho letto un libro orribile e noioso,-1,I read a horrible and boring book,I read a horrible and boring book,-0.7003,-0.7003,0.0,0.659,0.341,-0.7003,0.0,0.659,0.341,-0.7003,-1.0,1.0,-1.0,1.0, NEGATIVE (0.9999), NEGATIVE (0.9999),-1.0,1.0,-1.0,1.0,True,True,I read a horrible and boring book,BLEU = 100.00 100.0/100.0/100.0/100.0 (BP = 1.000 ratio = 1.000 hyp_len = 7 ref_len = 7),chrF2 = 100.00,BLEU = 100.00 100.0/100.0/100.0/100.0 (BP = 1.000 ratio = 1.000 hyp_len = 7 ref_len = 7),chrF2 = 100.00
78,78,Sei noioso!,-1,You're boring!,You are boring!,-0.3802,-0.3802,0.0,0.722,0.278,-0.3802,0.0,0.564,0.436,-0.3802,-1.0,1.0,-1.0,1.0, NEGATIVE (0.9999), NEGATIVE (0.9998),-1.0,1.0,-1.0,1.0,True,True,You're boring!,BLEU = 100.00 100.0/100.0/100.0/0.0 (BP = 1.000 ratio = 1.000 hyp_len = 3 ref_len = 3),chrF2 = 100.00,BLEU = 31.95 50.0/33.3/25.0/25.0 (BP = 1.000 ratio = 1.333 hyp_len = 4 ref_len = 3),chrF2 = 68.99
79,79,Che cattivo!,-1,What a villain!,So bad!,-0.623,-0.5983,0.0,0.796,0.204,-0.5983,0.0,0.803,0.197,-0.623,0.0,0.0,-0.8749999999999998,0.6666666666666666, NEGATIVE (0.9906), NEGATIVE (0.9999),0.0,0.0,-0.8749999999999998,0.6666666666666666,True,False,What a villain!,BLEU = 100.00 100.0/100.0/100.0/100.0 (BP = 1.000 ratio = 1.000 hyp_len = 4 ref_len = 4),chrF2 = 100.00,BLEU = 19.72 33.3/25.0/25.0/0.0 (BP = 0.717 ratio = 0.750 hyp_len = 3 ref_len = 4),chrF2 = 2.87
80,80,Il cibo non era buono per niente,-1,The food was not good at all,The food was not good at all,-0.3412,-0.3412,0.0,0.286,0.714,-0.3412,0.0,0.286,0.714,-0.3412,-0.35,0.6000000000000001,-0.35,0.6000000000000001, NEGATIVE (0.9998), NEGATIVE (0.9998),-0.35,0.6000000000000001,-0.35,0.6000000000000001,True,True,The food was not good at all,BLEU = 100.00 100.0/100.0/100.0/100.0 (BP = 1.000 ratio = 1.000 hyp_len = 7 ref_len = 7),chrF2 = 100.00,BLEU = 100.00 100.0/100.0/100.0/100.0 (BP = 1.000 ratio = 1.000 hyp_len = 7 ref_len = 7),chrF2 = 100.00
81,81,Che cosa disgustosa!,-1,That's disgusting!,What disgusting!,-0.5707,-0.5707,0.0,0.787,0.213,-0.5707,0.0,0.787,0.213,-0.5707,-1.0,1.0,-1.0,1.0, NEGATIVE (1.0), NEGATIVE (1.0),-1.0,1.0,-1.0,1.0,True,False,That's disgusting!,BLEU = 100.00 100.0/100.0/100.0/0.0 (BP = 1.000 ratio = 1.000 hyp_len = 3 ref_len = 3),chrF2 = 100.00,BLEU = 55.03 66.7/50.0/50.0/0.0 (BP = 1.000 ratio = 1.000 hyp_len = 3 ref_len = 3),chrF2 = 65.98
82,82,Odio camminare da sola di sera,-1,I hate to walk alone at night,I hate walking alone in the evening,-0.6908,-0.6908,0.0,0.588,0.412,-0.6908,0.0,0.588,0.412,-0.6908,-0.8,0.9,-0.8,0.9, NEGATIVE (0.6118), NEGATIVE (0.9979),-0.8,0.9,-0.8,0.9,False,True,I hate walking alone in the evening,BLEU = 14.54 42.9/16.7/10.0/6.2 (BP = 1.000 ratio = 1.000 hyp_len = 7 ref_len = 7),chrF2 = 28.78,BLEU = 100.00 100.0/100.0/100.0/100.0 (BP = 1.000 ratio = 1.000 hyp_len = 7 ref_len = 7),chrF2 = 100.00
83,83,Ho visto un orso e mi sono spaventata a morte,-1,I saw a bear and I got scared to death,I saw a bear and I frightened to death,-0.7783,-0.7783,0.0,0.576,0.424,-0.7783,0.0,0.63,0.37,-0.7783,0.0,0.0,0.0,0.0, NEGATIVE (0.9988), NEGATIVE (1.0),0.0,0.0,0.0,0.0,True,False,I saw a bear and I got scared to death,BLEU = 100.00 100.0/100.0/100.0/100.0 (BP = 1.000 ratio = 1.000 hyp_len = 10 ref_len = 10),chrF2 = 100.00,BLEU = 59.12 88.9/75.0/57.1/50.0 (BP = 0.895 ratio = 0.900 hyp_len = 9 ref_len = 10),chrF2 = 64.82
84,84,Che persona malvagia ,-1,What an evil person,What evil person,-0.6597,-0.6597,0.0,0.595,0.405,-0.6597,0.0,0.688,0.312,-0.6597,-1.0,1.0,-1.0,1.0, NEGATIVE (0.9912), NEGATIVE (0.998),-1.0,1.0,-1.0,1.0,True,True,What an evil person,BLEU = 100.00 100.0/100.0/100.0/100.0 (BP = 1.000 ratio = 1.000 hyp_len = 4 ref_len = 4),chrF2 = 100.00,BLEU = 45.14 100.0/50.0/50.0/0.0 (BP = 0.717 ratio = 0.750 hyp_len = 3 ref_len = 4),chrF2 = 67.98
85,85,Mi sento male,-1,I feel sick,I feel bad,-0.5423,-0.5106,0.0,0.767,0.233,-0.5106,0.0,0.778,0.222,-0.5423,-0.7142857142857143,0.8571428571428571,-0.6999999999999998,0.6666666666666666, NEGATIVE (0.9999), NEGATIVE (0.9999),-0.7142857142857143,0.8571428571428571,-0.6999999999999998,0.6666666666666666,True,False,I feel sick,BLEU = 100.00 100.0/100.0/100.0/0.0 (BP = 1.000 ratio = 1.000 hyp_len = 3 ref_len = 3),chrF2 = 100.00,BLEU = 55.03 66.7/50.0/50.0/0.0 (BP = 1.000 ratio = 1.000 hyp_len = 3 ref_len = 3),chrF2 = 34.59
86,86,Mi sento solo,-1,I feel lonely,I feel alone,-0.25,-0.3612,0.0,0.714,0.286,-0.3612,0.0,0.667,0.333,-0.25,-0.0999999999999999,0.7,0.0,0.0, NEGATIVE (0.9874), NEGATIVE (0.6724),-0.0999999999999999,0.7,0.0,0.0,True,False,I feel lonely,BLEU = 100.00 100.0/100.0/100.0/0.0 (BP = 1.000 ratio = 1.000 hyp_len = 3 ref_len = 3),chrF2 = 100.00,BLEU = 55.03 66.7/50.0/50.0/0.0 (BP = 1.000 ratio = 1.000 hyp_len = 3 ref_len = 3),chrF2 = 44.13
87,87,Detesto il mio lavoro,-1,I hate my job.,I hate my work,-0.5719,-0.5719,0.0,0.649,0.351,-0.5719,0.0,0.649,0.351,-0.5719,-0.8,0.9,-0.8,0.9, NEGATIVE (0.9999), NEGATIVE (1.0),-0.8,0.9,-0.8,0.9,True,False,I hate my job.,BLEU = 100.00 100.0/100.0/100.0/100.0 (BP = 1.000 ratio = 1.000 hyp_len = 5 ref_len = 5),chrF2 = 100.00,BLEU = 46.31 75.0/66.7/50.0/50.0 (BP = 0.779 ratio = 0.800 hyp_len = 4 ref_len = 5),chrF2 = 52.41
88,88,Non ti sopporto proprio!,-1,I just can't stand you!,I can't stand you!,0.0,0.0,0.0,0.0,1.0,0.0,0.0,0.0,1.0,0.0,0.0,0.0,0.0,0.0, NEGATIVE (0.9996), NEGATIVE (0.9998),0.0,0.0,0.0,0.0,False,True,I can't stand you!,BLEU = 53.73 83.3/60.0/50.0/33.3 (BP = 1.000 ratio = 1.200 hyp_len = 6 ref_len = 5),chrF2 = 87.31,BLEU = 100.00 100.0/100.0/100.0/100.0 (BP = 1.000 ratio = 1.000 hyp_len = 5 ref_len = 5),chrF2 = 100.00
89,89,Hai una brutta cera!,-1,You look bad!,You have a bad wax!,-0.5848,-0.5848,0.0,0.655,0.345,-0.5848,0.0,0.558,0.442,-0.5848,-0.8749999999999998,0.6666666666666666,-0.8749999999999998,0.6666666666666666, NEGATIVE (0.9998), NEGATIVE (0.9999),-0.8749999999999998,0.6666666666666666,-0.8749999999999998,0.6666666666666666,True,False,You look bad!,BLEU = 100.00 100.0/100.0/100.0/100.0 (BP = 1.000 ratio = 1.000 hyp_len = 4 ref_len = 4),chrF2 = 100.00,BLEU = 10.68 50.0/10.0/6.2/4.2 (BP = 1.000 ratio = 1.500 hyp_len = 6 ref_len = 4),chrF2 = 19.46
90,90,Temo il tempo che passa,-1,I fear the passing of time,I fear the time that passes,-0.4939,-0.4939,0.0,0.444,0.556,-0.4939,0.0,0.444,0.556,-0.4939,0.0,0.0,0.0,0.0, NEGATIVE (0.9971), NEGATIVE (0.9972),0.0,0.0,0.0,0.0,True,False,I fear the passing of time,BLEU = 100.00 100.0/100.0/100.0/100.0 (BP = 1.000 ratio = 1.000 hyp_len = 6 ref_len = 6),chrF2 = 100.00,BLEU = 32.47 66.7/40.0/25.0/16.7 (BP = 1.000 ratio = 1.000 hyp_len = 6 ref_len = 6),chrF2 = 45.36
91,91,Non ti amo,-1,I don't love you,I do not love you,-0.5216,-0.5216,0.0,0.627,0.373,-0.5216,0.0,0.529,0.471,-0.5216,0.5,0.6,-0.25,0.6, NEGATIVE (0.9924), NEGATIVE (0.9989),-0.25,0.6,-0.25,0.6,True,False,I don't love you,BLEU = 100.00 100.0/100.0/100.0/100.0 (BP = 1.000 ratio = 1.000 hyp_len = 4 ref_len = 4),chrF2 = 100.00,BLEU = 23.64 60.0/25.0/16.7/12.5 (BP = 1.000 ratio = 1.250 hyp_len = 5 ref_len = 4),chrF2 = 65.05
92,92,ÃÂ stata una serata molto noiosa,-1,It's been a very boring night.,It was a very boring evening,-0.3804,-0.3804,0.0,0.393,0.607,-0.3804,0.0,0.393,0.607,-0.3804,-1.0,1.0,-1.0,1.0, NEGATIVE (1.0), NEGATIVE (0.9999),-1.0,1.0,-1.0,1.0,False,True,It was a very boring evening,BLEU = 24.45 42.9/33.3/20.0/12.5 (BP = 1.000 ratio = 1.167 hyp_len = 7 ref_len = 6),chrF2 = 48.91,BLEU = 100.00 100.0/100.0/100.0/100.0 (BP = 1.000 ratio = 1.000 hyp_len = 6 ref_len = 6),chrF2 = 100.00
93,93,Non voglio vederti piÃÂ¹!,-1,I don't want to see you anymore!,I don't want to see you anymore!,-0.1316,-0.1316,0.0,0.232,0.768,-0.1316,0.0,0.232,0.768,-0.1316,0.0,0.0,0.0,0.0, NEGATIVE (0.7643), NEGATIVE (0.7643),0.0,0.0,0.0,0.0,True,True,I don't want to see you anymore!,BLEU = 100.00 100.0/100.0/100.0/100.0 (BP = 1.000 ratio = 1.000 hyp_len = 8 ref_len = 8),chrF2 = 100.00,BLEU = 100.00 100.0/100.0/100.0/100.0 (BP = 1.000 ratio = 1.000 hyp_len = 8 ref_len = 8),chrF2 = 100.00
94,94,ÃÂ sempre triste partire,-1,It's always sad to leave,It is always sad to leave,-0.5106,-0.5106,0.0,0.589,0.411,-0.5106,0.0,0.518,0.482,-0.5106,-0.5,1.0,-0.5,1.0, NEGATIVE (0.8631), NEGATIVE (0.8585),-0.5,1.0,-0.5,1.0,True,True,It's always sad to leave,BLEU = 100.00 100.0/100.0/100.0/100.0 (BP = 1.000 ratio = 1.000 hyp_len = 5 ref_len = 5),chrF2 = 100.00,BLEU = 50.81 66.7/60.0/50.0/33.3 (BP = 1.000 ratio = 1.200 hyp_len = 6 ref_len = 5),chrF2 = 85.23
95,95,ÃÂ stata una lite violenta,-1,It was a violent fight.,It was a violent dispute,-0.765,-0.7579,0.0,0.765,0.235,-0.7579,0.0,0.767,0.233,-0.765,-0.8,1.0,-0.8,1.0, NEGATIVE (0.8507), NEGATIVE (0.9933),-0.8,1.0,-0.8,1.0,True,False,It was a violent fight.,BLEU = 100.00 100.0/100.0/100.0/100.0 (BP = 1.000 ratio = 1.000 hyp_len = 6 ref_len = 6),chrF2 = 100.00,BLEU = 54.75 80.0/75.0/66.7/50.0 (BP = 0.819 ratio = 0.833 hyp_len = 5 ref_len = 6),chrF2 = 64.22
96,96,ÃÂ stata una brutta lite,-1,It was a bad fight.,It was a bad dispute,-0.7351,-0.7269,0.0,0.753,0.247,-0.7269,0.0,0.756,0.244,-0.7351,-0.6999999999999998,0.6666666666666666,-0.6999999999999998,0.6666666666666666, NEGATIVE (0.9984), NEGATIVE (0.9993),-0.6999999999999998,0.6666666666666666,-0.6999999999999998,0.6666666666666666,True,False,It was a bad fight.,BLEU = 100.00 100.0/100.0/100.0/100.0 (BP = 1.000 ratio = 1.000 hyp_len = 6 ref_len = 6),chrF2 = 100.00,BLEU = 54.75 80.0/75.0/66.7/50.0 (BP = 0.819 ratio = 0.833 hyp_len = 5 ref_len = 6),chrF2 = 52.46
97,97,Detesto le bugie,-1,I hate lies,I hate the lies,-0.7579,-0.7579,0.0,1.0,0.0,-0.7579,0.0,0.867,0.133,-0.7579,-0.8,0.9,-0.8,0.9, NEGATIVE (0.8527), NEGATIVE (0.9958),-0.8,0.9,-0.8,0.9,True,False,I hate lies,BLEU = 100.00 100.0/100.0/100.0/0.0 (BP = 1.000 ratio = 1.000 hyp_len = 3 ref_len = 3),chrF2 = 100.00,BLEU = 35.36 75.0/33.3/25.0/25.0 (BP = 1.000 ratio = 1.333 hyp_len = 4 ref_len = 3),chrF2 = 60.38
98,98,La violenza ÃÂ¨ un male sociale,-1,Violence is a social evil,Violence is a social evil,-0.8591,-0.8591,0.0,0.81,0.19,-0.8591,0.0,0.81,0.19,-0.8591,-0.4833333333333333,0.5333333333333333,-0.4833333333333333,0.5333333333333333, NEGATIVE (0.9988), NEGATIVE (0.9988),-0.4833333333333333,0.5333333333333333,-0.4833333333333333,0.5333333333333333,True,False,Violence is a social evil,BLEU = 100.00 100.0/100.0/100.0/100.0 (BP = 1.000 ratio = 1.000 hyp_len = 5 ref_len = 5),chrF2 = 100.00,BLEU = 100.00 100.0/100.0/100.0/100.0 (BP = 1.000 ratio = 1.000 hyp_len = 5 ref_len = 5),chrF2 = 100.00
99,99,Disapprovo la tua scelta!,-1,I disapprove of your choice!,I disapprove of your choice!,0.0,0.0,0.0,0.0,1.0,0.0,0.0,0.0,1.0,0.0,0.0,0.0,0.0,0.0, NEGATIVE (0.9966), NEGATIVE (0.9966),0.0,0.0,0.0,0.0,True,True,I disapprove of your choice!,BLEU = 100.00 100.0/100.0/100.0/100.0 (BP = 1.000 ratio = 1.000 hyp_len = 6 ref_len = 6),chrF2 = 100.00,BLEU = 100.00 100.0/100.0/100.0/100.0 (BP = 1.000 ratio = 1.000 hyp_len = 6 ref_len = 6),chrF2 = 100.00
100,100,Non ci sopportiamo a vicenda,-1,We can't stand each other,We don't endure each other,0.0,0.0,0.0,0.0,1.0,0.0,0.0,0.0,1.0,0.0,-0.125,0.375,-0.125,0.375, NEGATIVE (0.9998), NEGATIVE (0.699),-0.125,0.375,-0.125,0.375,True,False,We can't stand each other,BLEU = 100.00 100.0/100.0/100.0/100.0 (BP = 1.000 ratio = 1.000 hyp_len = 5 ref_len = 5),chrF2 = 100.00,BLEU = 23.64 60.0/25.0/16.7/12.5 (BP = 1.000 ratio = 1.000 hyp_len = 5 ref_len = 5),chrF2 = 43.88
101,101,Disprezzo il tuo comportamento,-1,I despise your behavior,DISCOZZA YOUR COME,0.0,-0.34,0.0,0.545,0.455,-0.34,0.0,0.0,1.0,0.0,0.0,0.0,0.0,0.0, NEGATIVE (0.9998), NEGATIVE (0.9821),0.0,0.0,0.0,0.0,True,False,I despise your behavior,BLEU = 100.00 100.0/100.0/100.0/100.0 (BP = 1.000 ratio = 1.000 hyp_len = 4 ref_len = 4),chrF2 = 100.00,BLEU = 0.00 0.0/0.0/0.0/0.0 (BP = 0.717 ratio = 0.750 hyp_len = 3 ref_len = 4),chrF2 = 0.87
102,102,Che brutto regalo!,-1,What a bad gift!,What a bad gift!,-0.2244,-0.2244,0.377,0.493,0.13,-0.2244,0.377,0.493,0.13,-0.2244,-0.8749999999999998,0.6666666666666666,-0.8749999999999998,0.6666666666666666, NEGATIVE (0.9996), NEGATIVE (0.9996),-0.8749999999999998,0.6666666666666666,-0.8749999999999998,0.6666666666666666,False,False,What an ugly gift!,BLEU = 23.64 60.0/25.0/16.7/12.5 (BP = 1.000 ratio = 1.000 hyp_len = 5 ref_len = 5),chrF2 = 38.05,BLEU = 23.64 60.0/25.0/16.7/12.5 (BP = 1.000 ratio = 1.000 hyp_len = 5 ref_len = 5),chrF2 = 38.05
103,103,Mi hai ferito profondamente,-1,You hurt me deeply,You wounded me deeply,0.0,-0.5267,0.0,0.531,0.469,-0.5267,0.0,0.0,1.0,0.0,0.0,0.4,0.0,0.4, NEGATIVE (0.9985), NEGATIVE (0.9983),0.0,0.4,0.0,0.4,True,False,You hurt me deeply,BLEU = 100.00 100.0/100.0/100.0/100.0 (BP = 1.000 ratio = 1.000 hyp_len = 4 ref_len = 4),chrF2 = 100.00,BLEU = 35.36 75.0/33.3/25.0/25.0 (BP = 1.000 ratio = 1.000 hyp_len = 4 ref_len = 4),chrF2 = 48.76
104,104,Sei proprio una brutta persona,-1,You're such a bad person.,You are really a bad person,-0.5849,-0.5423,0.0,0.538,0.462,-0.5423,0.0,0.487,0.513,-0.5849,-0.3499999999999999,0.5833333333333333,-0.6999999999999998,0.6666666666666666, NEGATIVE (0.999), NEGATIVE (0.9998),-0.3499999999999999,0.5833333333333333,-0.6999999999999998,0.6666666666666666,False,True,You are really a bad person,BLEU = 30.21 50.0/40.0/25.0/16.7 (BP = 1.000 ratio = 1.000 hyp_len = 6 ref_len = 6),chrF2 = 45.44,BLEU = 100.00 100.0/100.0/100.0/100.0 (BP = 1.000 ratio = 1.000 hyp_len = 6 ref_len = 6),chrF2 = 100.00
105,105,Sei un incapace!,-1,You're a fool!,You are an incapable!,-0.4389,-0.4926,0.0,0.761,0.239,-0.4926,0.0,0.491,0.509,-0.4389,0.0,0.0,0.0,0.0, NEGATIVE (0.9989), NEGATIVE (0.9556),0.0,0.0,0.0,0.0,True,False,You're a fool!,BLEU = 100.00 100.0/100.0/100.0/100.0 (BP = 1.000 ratio = 1.000 hyp_len = 4 ref_len = 4),chrF2 = 100.00,BLEU = 10.68 20.0/12.5/8.3/6.2 (BP = 1.000 ratio = 1.250 hyp_len = 5 ref_len = 4),chrF2 = 18.54
106,106,Sei un inetto!,-1,You're inept!,You are an inept!,0.0,0.0,0.0,0.0,1.0,0.0,0.0,0.0,1.0,0.0,0.0,0.0,0.0,0.0, NEGATIVE (0.9999), NEGATIVE (0.9999),0.0,0.0,0.0,0.0,False,True,You are an inept!,BLEU = 28.25 66.7/50.0/50.0/0.0 (BP = 0.513 ratio = 0.600 hyp_len = 3 ref_len = 5),chrF2 = 41.38,BLEU = 100.00 100.0/100.0/100.0/100.0 (BP = 1.000 ratio = 1.000 hyp_len = 5 ref_len = 5),chrF2 = 100.00
107,107,Buono a nulla!,-1,Good for nothing!,Good for nothing!,0.4926,0.4926,0.615,0.0,0.385,0.4926,0.615,0.0,0.385,0.4926,0.875,0.6000000000000001,0.875,0.6000000000000001, NEGATIVE (0.9984), NEGATIVE (0.9984),0.875,0.6000000000000001,0.875,0.6000000000000001,True,True,Good for nothing!,BLEU = 100.00 100.0/100.0/100.0/100.0 (BP = 1.000 ratio = 1.000 hyp_len = 4 ref_len = 4),chrF2 = 100.00,BLEU = 100.00 100.0/100.0/100.0/100.0 (BP = 1.000 ratio = 1.000 hyp_len = 4 ref_len = 4),chrF2 = 100.00
108,108,Sei un egoista!,-1,You're selfish!,You are an egoist!,0.0,-0.5255,0.0,0.772,0.228,-0.5255,0.0,0.0,1.0,0.0,-0.625,1.0,0.0,0.0, NEGATIVE (0.9956), NEGATIVE (0.9788),-0.625,1.0,0.0,0.0,True,False,You're selfish!,BLEU = 100.00 100.0/100.0/100.0/0.0 (BP = 1.000 ratio = 1.000 hyp_len = 3 ref_len = 3),chrF2 = 100.00,BLEU = 10.68 20.0/12.5/8.3/6.2 (BP = 1.000 ratio = 1.667 hyp_len = 5 ref_len = 3),chrF2 = 16.98
109,109,Che rabbia!,-1,What a rage!,That anger!,-0.6114,-0.5983,0.0,0.796,0.204,-0.5983,0.0,0.8,0.2,-0.6114,0.0,0.0,-0.875,0.2, POSITIVE (0.6224), NEGATIVE (0.9481),0.0,0.0,-0.875,0.2,True,False,What a rage!,BLEU = 100.00 100.0/100.0/100.0/100.0 (BP = 1.000 ratio = 1.000 hyp_len = 4 ref_len = 4),chrF2 = 100.00,BLEU = 19.72 33.3/25.0/25.0/0.0 (BP = 0.717 ratio = 0.750 hyp_len = 3 ref_len = 4),chrF2 = 27.29
110,110,Non volgiio piÃÂ¹ parlarti!,-1,I don't want to talk to you anymore!,I don't turn to talk to you anymore!,0.0,-0.1316,0.0,0.201,0.799,-0.1316,0.0,0.0,1.0,0.0,0.0,0.0,0.0,0.0, NEGATIVE (0.9887), NEGATIVE (0.9943),0.0,0.0,0.0,0.0,True,False,I don't want to talk to you anymore!,BLEU = 100.00 100.0/100.0/100.0/100.0 (BP = 1.000 ratio = 1.000 hyp_len = 9 ref_len = 9),chrF2 = 100.00,BLEU = 66.06 88.9/75.0/57.1/50.0 (BP = 1.000 ratio = 1.000 hyp_len = 9 ref_len = 9),chrF2 = 77.29
111,111,Che persona scortese!,-1,What a rude person!,What a rude person!,-0.5093,-0.5093,0.0,0.622,0.378,-0.5093,0.0,0.622,0.378,-0.5093,-0.375,0.6,-0.375,0.6, NEGATIVE (0.9996), NEGATIVE (0.9996),-0.375,0.6,-0.375,0.6,True,True,What a rude person!,BLEU = 100.00 100.0/100.0/100.0/100.0 (BP = 1.000 ratio = 1.000 hyp_len = 5 ref_len = 5),chrF2 = 100.00,BLEU = 100.00 100.0/100.0/100.0/100.0 (BP = 1.000 ratio = 1.000 hyp_len = 5 ref_len = 5),chrF2 = 100.00
112,112,ÃÂ un gesto ripugnevole!,-1,It's a repugnant gesture!,It is a repugly gesture!,0.0,0.0,0.0,0.0,1.0,0.0,0.0,0.0,1.0,0.0,0.0,0.0,0.0,0.0, NEGATIVE (0.9974), NEGATIVE (0.9801),0.0,0.0,0.0,0.0,True,False,It's a repugnant gesture!,BLEU = 100.00 100.0/100.0/100.0/100.0 (BP = 1.000 ratio = 1.000 hyp_len = 5 ref_len = 5),chrF2 = 100.00,BLEU = 17.97 50.0/20.0/12.5/8.3 (BP = 1.000 ratio = 1.200 hyp_len = 6 ref_len = 5),chrF2 = 53.51
113,113,Sei un essere abominevole.,-1,You are an abominable being.,You are an abominable being.,0.0,0.0,0.0,0.0,1.0,0.0,0.0,0.0,1.0,0.0,0.0,0.0,0.0,0.0, NEGATIVE (0.9382), NEGATIVE (0.9382),0.0,0.0,0.0,0.0,True,True,You are an abominable being.,BLEU = 100.00 100.0/100.0/100.0/100.0 (BP = 1.000 ratio = 1.000 hyp_len = 6 ref_len = 6),chrF2 = 100.00,BLEU = 100.00 100.0/100.0/100.0/100.0 (BP = 1.000 ratio = 1.000 hyp_len = 6 ref_len = 6),chrF2 = 100.00
114,114,Quel libro che ho letto mi ha lasciata indifferente nÃÂ© bello nÃÂ© brutto,0,That book I read left me indifferent neither beautiful nor ugly,That book I read left me indifferent or beautiful or ugly,-0.0516,-0.7356,0.0,0.507,0.493,-0.7356,0.244,0.319,0.438,-0.0516,0.05,0.6666666666666666,0.05,0.6666666666666666, NEGATIVE (0.9891), NEGATIVE (1.0),0.05,0.6666666666666666,0.05,0.6666666666666666,False,False,The book I read left me indifferent. It was neither interesting or boring.,BLEU = 33.36 63.6/50.0/44.4/37.5 (BP = 0.695 ratio = 0.733 hyp_len = 11 ref_len = 15),chrF2 = 52.84,BLEU = 33.36 63.6/50.0/44.4/37.5 (BP = 0.695 ratio = 0.733 hyp_len = 11 ref_len = 15),chrF2 = 46.94
115,115,Il tuo comportamento non mi fa nÃÂ© caldo nÃÂ© freddo,0,Your behavior makes me neither hot nor cold,Your behavior is neither hot nor cold,0.0,0.0,0.0,0.0,1.0,0.0,0.0,0.0,1.0,0.0,-0.175,0.925,-0.175,0.925, NEGATIVE (0.9979), NEGATIVE (0.9994),-0.175,0.925,-0.175,0.925,False,False,Your behavior doesn't affect me at all.,BLEU = 12.22 37.5/14.3/8.3/5.0 (BP = 1.000 ratio = 1.000 hyp_len = 8 ref_len = 8),chrF2 = 37.81,BLEU = 11.39 28.6/16.7/10.0/6.2 (BP = 0.867 ratio = 0.875 hyp_len = 7 ref_len = 8),chrF2 = 36.98
116,116,In questo momento mi sento piuttosto calma non provo emozioni forti,0,Right now I feel rather calm I don't feel strong emotions,At this moment I feel quite calm I do not feel strong emotions,-0.0281,-0.1032,0.192,0.225,0.583,-0.1032,0.181,0.189,0.63,-0.0281,0.3396825396825396,0.673015873015873,0.3666666666666667,0.7416666666666667, NEGATIVE (0.9849), POSITIVE (0.9558),0.3396825396825396,0.673015873015873,0.3666666666666667,0.7416666666666667,True,False,Right now I feel rather calm I don't feel strong emotions,BLEU = 100.00 100.0/100.0/100.0/100.0 (BP = 1.000 ratio = 1.000 hyp_len = 11 ref_len = 11),chrF2 = 100.00,BLEU = 16.90 53.8/33.3/9.1/5.0 (BP = 1.000 ratio = 1.182 hyp_len = 13 ref_len = 11),chrF2 = 57.14
117,117,"A me interessa poco chi vince il campionato, le squadre per me sono tutte uguali",0,"I care little who wins the championship, the teams for me are all the same","I am not very interested in those who win the championship, the teams are all the same for me",0.6399,0.8598,0.464,0.0,0.536,0.8598,0.277,0.102,0.62,0.6399,0.0375,0.2749999999999999,0.2346153846153846,0.3032051282051282, POSITIVE (0.8892), NEGATIVE (1.0),0.0375,0.2749999999999999,0.2346153846153846,0.3032051282051282,False,True,"I am not very interested in those who win the championship, the teams are all the same for me",BLEU = 33.86 81.2/53.3/35.7/23.1 (BP = 0.779 ratio = 0.800 hyp_len = 16 ref_len = 20),chrF2 = 58.23,BLEU = 100.00 100.0/100.0/100.0/100.0 (BP = 1.000 ratio = 1.000 hyp_len = 20 ref_len = 20),chrF2 = 100.00
118,118,"Mi piacciono tutti i tipi di cibo, non ho preferenza",0,"I like all kinds of food, I have no preference","I like all types of food, I have no preference",0.0772,0.0772,0.234,0.206,0.561,0.0772,0.234,0.206,0.561,0.0772,0.0,0.0,0.0,0.0, POSITIVE (0.7221), POSITIVE (0.6723),0.0,0.0,0.0,0.0,True,False,"I like all kinds of food, I have no preference",BLEU = 100.00 100.0/100.0/100.0/100.0 (BP = 1.000 ratio = 1.000 hyp_len = 11 ref_len = 11),chrF2 = 100.00,BLEU = 70.17 90.9/80.0/66.7/50.0 (BP = 1.000 ratio = 1.000 hyp_len = 11 ref_len = 11),chrF2 = 80.87
119,119,Mi ritengo una persona equa e senza pregiudizi,0,I consider myself a fair and unprejudiced person,I consider myself a fair person without prejudices,0.5621,0.3182,0.315,0.0,0.685,0.3182,0.537,0.0,0.463,0.5621,0.7,0.9,0.7,0.9, NEGATIVE (0.596), POSITIVE (0.9871),0.7,0.9,0.7,0.9,False,True,I consider myself a fair person without prejudices,BLEU = 54.11 75.0/57.1/50.0/40.0 (BP = 1.000 ratio = 1.000 hyp_len = 8 ref_len = 8),chrF2 = 68.55,BLEU = 100.00 100.0/100.0/100.0/100.0 (BP = 1.000 ratio = 1.000 hyp_len = 8 ref_len = 8),chrF2 = 100.00
120,120,Non mi lascio mai influenzare da quello che pensano gli altri.,0,I never let myself be influenced by what other people think.,I never let myself be influenced by what others think.,0.0,0.0,0.0,0.0,1.0,0.0,0.0,0.0,1.0,0.0,-0.125,0.375,0.0,0.0, POSITIVE (0.976), POSITIVE (0.9705),-0.125,0.375,0.0,0.0,False,True,I never let myself be influenced by what others think.,BLEU = 67.04 83.3/72.7/60.0/55.6 (BP = 1.000 ratio = 1.091 hyp_len = 12 ref_len = 11),chrF2 = 89.48,BLEU = 100.00 100.0/100.0/100.0/100.0 (BP = 1.000 ratio = 1.000 hyp_len = 11 ref_len = 11),chrF2 = 100.00
121,121,Il film ha presentato l'argomento in una maniera molto logica e neutrale,0,The film presented the subject in a very logical and neutral way,The film presented the topic in a very logical and neutral way,0.0,0.0,0.0,0.0,1.0,0.0,0.0,0.0,1.0,0.0,0.0791666666666666,0.3291666666666666,0.325,0.325, POSITIVE (0.9974), POSITIVE (0.9987),0.0791666666666666,0.3291666666666666,0.325,0.325,True,True,The film presented the subject in a very logical and neutral way,BLEU = 100.00 100.0/100.0/100.0/100.0 (BP = 1.000 ratio = 1.000 hyp_len = 12 ref_len = 12),chrF2 = 100.00,BLEU = 73.49 91.7/81.8/70.0/55.6 (BP = 1.000 ratio = 1.000 hyp_len = 12 ref_len = 12),chrF2 = 82.33
122,122,In realtÃÂ  non ho un'opinione su quanto ÃÂ¨ accaduto,0,I don't really have an opinion on what happened.,In reality I don't have an opinion about what happened,0.0,0.0,0.0,0.0,1.0,0.0,0.0,0.0,1.0,0.0,0.2,0.2,0.0,0.0, NEGATIVE (0.9999), NEGATIVE (0.9998),-0.1,0.2,0.0,0.0,False,True,In reality I don't have an opinion about what happened,BLEU = 22.96 70.0/44.4/12.5/7.1 (BP = 1.000 ratio = 1.000 hyp_len = 10 ref_len = 10),chrF2 = 61.23,BLEU = 100.00 100.0/100.0/100.0/100.0 (BP = 1.000 ratio = 1.000 hyp_len = 10 ref_len = 10),chrF2 = 100.00
123,123,"Alla fine dei conti puoi fare quello che desideri, a me non interessa molto.",0,"At the end of the day, you can do whatever you want, I don't really care.","At the end of the accounts you can do what you want, I don't care much.",-0.3244,-0.3705,0.076,0.166,0.758,-0.3705,0.077,0.155,0.768,-0.3244,0.2,0.2,0.2,0.2, NEGATIVE (0.9999), NEGATIVE (0.9999),-0.1,0.2,0.2,0.2,True,False,"At the end of the day, you can do whatever you want, I don't really care.",BLEU = 100.00 100.0/100.0/100.0/100.0 (BP = 1.000 ratio = 1.000 hyp_len = 19 ref_len = 19),chrF2 = 100.00,BLEU = 46.26 83.3/58.8/43.8/26.7 (BP = 0.946 ratio = 0.947 hyp_len = 18 ref_len = 19),chrF2 = 60.75
124,124,"Possiamo andare in vacanza da qualsiesi parte, per me ÃÂ¨ lo stesso",0,"We can go on holiday anywhere, for me it's the same","We can go on vacation from any starts, for me it is the same",0.0,0.4019,0.213,0.0,0.787,0.4019,0.0,0.0,1.0,0.0,0.0,0.125,0.0,0.125, POSITIVE (0.9854), POSITIVE (0.9885),0.0,0.125,0.0,0.125,False,False,We can go on vation anywhere for me it's the same.,BLEU = 54.52 83.3/63.6/50.0/33.3 (BP = 1.000 ratio = 1.000 hyp_len = 12 ref_len = 12),chrF2 = 68.40,BLEU = 22.23 53.3/35.7/15.4/8.3 (BP = 1.000 ratio = 1.250 hyp_len = 15 ref_len = 12),chrF2 = 55.77
125,125,Non ho preferenze su cosa fare stasera,0,I have no preference on what to do tonight,I have no preferences on what to do tonight,-0.296,-0.296,0.0,0.239,0.761,-0.296,0.0,0.239,0.761,-0.296,0.0,0.0,0.0,0.0, NEGATIVE (0.9961), NEGATIVE (0.9994),0.0,0.0,0.0,0.0,True,True,I have no preference on what to do tonight,BLEU = 100.00 100.0/100.0/100.0/100.0 (BP = 1.000 ratio = 1.000 hyp_len = 9 ref_len = 9),chrF2 = 100.00,BLEU = 59.69 88.9/75.0/57.1/33.3 (BP = 1.000 ratio = 1.000 hyp_len = 9 ref_len = 9),chrF2 = 91.17
126,126,"Non ho mai favorito nessuno studente, per me sono tutti uguali",0,"I've never favored any student, they're all the same to me","I have never favored any student, for me they are all the same",-0.3252,-0.3252,0.0,0.189,0.811,-0.3252,0.0,0.175,0.825,-0.3252,-0.2,0.5125,-0.2,0.5125, NEGATIVE (0.9475), NEGATIVE (0.7685),-0.2,0.5125,-0.2,0.5125,False,True,"I have never favored any student, for me they are all the same",BLEU = 36.96 75.0/54.5/40.0/22.2 (BP = 0.846 ratio = 0.857 hyp_len = 12 ref_len = 14),chrF2 = 73.58,BLEU = 100.00 100.0/100.0/100.0/100.0 (BP = 1.000 ratio = 1.000 hyp_len = 14 ref_len = 14),chrF2 = 100.00
127,127,Alcune persone non mostrano alcuna emozione,0,Some people don't show any emotion,Some people do not show any emotion,0.0,0.0,0.0,0.0,1.0,0.0,0.0,0.0,1.0,0.0,0.0,0.0,0.0,0.0, NEGATIVE (0.9929), NEGATIVE (0.9874),0.0,0.0,0.0,0.0,True,True,Some people don't show any emotion,BLEU = 100.00 100.0/100.0/100.0/100.0 (BP = 1.000 ratio = 1.000 hyp_len = 6 ref_len = 6),chrF2 = 100.00,BLEU = 30.74 71.4/50.0/20.0/12.5 (BP = 1.000 ratio = 1.167 hyp_len = 7 ref_len = 6),chrF2 = 86.32
128,128,Ha un carattere molto controllato ed ÃÂ¨ capace di restare sempre imparziale,0,He has a very controlled character and is capable of always remaining impartial,Has a very controlled character and is able to always remain impartial,0.0,0.3818,0.191,0.0,0.809,0.3818,0.0,0.0,1.0,0.0,0.2,0.35,0.35,0.4625, POSITIVE (0.9992), POSITIVE (0.9994),0.2,0.35,0.35,0.4625,False,True,Has a very controlled character and is able to always remain impartial,BLEU = 40.90 61.5/41.7/36.4/30.0 (BP = 1.000 ratio = 1.083 hyp_len = 13 ref_len = 12),chrF2 = 81.19,BLEU = 100.00 100.0/100.0/100.0/100.0 (BP = 1.000 ratio = 1.000 hyp_len = 12 ref_len = 12),chrF2 = 100.00
129,129,"Sembra essere un tipo molto disinvolto, non si lasciare influenzare da nulla",0,"He seems to be a very casual guy, he doesn't let anything influence him.","It seems to be a very casual guy, he does not let himself be influenced by anything",0.2716,0.2716,0.149,0.0,0.851,0.2716,0.122,0.0,0.878,0.2716,-0.6500000000000001,1.0,-0.6500000000000001,1.0, POSITIVE (0.7872), POSITIVE (0.6068),-0.6500000000000001,1.0,-0.6500000000000001,1.0,True,False,"He seems to be a very casual guy, he doesn't let anything influence him.",BLEU = 100.00 100.0/100.0/100.0/100.0 (BP = 1.000 ratio = 1.000 hyp_len = 16 ref_len = 16),chrF2 = 100.00,BLEU = 47.36 61.1/47.1/43.8/40.0 (BP = 1.000 ratio = 1.125 hyp_len = 18 ref_len = 16),chrF2 = 74.25
130,130,ÃÂ sempre cosÃÂ¬ rilassata su tutto,0,She's always so relaxed about everything,It is always so relaxed on everything,0.6269,0.6269,0.452,0.0,0.548,0.6269,0.407,0.0,0.593,0.6269,0.0,0.0,0.0,0.0, POSITIVE (0.9955), POSITIVE (0.9889),0.0,0.0,0.0,0.0,True,False,She's always so relaxed about everything,BLEU = 100.00 100.0/100.0/100.0/100.0 (BP = 1.000 ratio = 1.000 hyp_len = 6 ref_len = 6),chrF2 = 100.00,BLEU = 26.27 57.1/33.3/20.0/12.5 (BP = 1.000 ratio = 1.167 hyp_len = 7 ref_len = 6),chrF2 = 66.83
131,131,I due si lasciarano senza emozione,0,The two leave without emotion,The two leave without emotion,-0.0516,-0.0516,0.0,0.231,0.769,-0.0516,0.0,0.231,0.769,-0.0516,0.0,0.0,0.0,0.0, POSITIVE (0.6613), POSITIVE (0.6613),0.0,0.0,0.0,0.0,False,False,They bid goodbye without showing any emotion,BLEU = 8.52 40.0/12.5/8.3/6.2 (BP = 0.670 ratio = 0.714 hyp_len = 5 ref_len = 7),chrF2 = 34.23,BLEU = 8.52 40.0/12.5/8.3/6.2 (BP = 0.670 ratio = 0.714 hyp_len = 5 ref_len = 7),chrF2 = 34.23
132,132,ÃÂ molto impegnato con i suoi esperimenti e spera di avere risulatati positivi il prima possibile,0,He is very busy with his experiments and hopes to have tested positive as soon as possible,He is very busy with his experiments and hopes to have been refurbished positive as soon as possible,0.7506,0.7506,0.299,0.0,0.701,0.7506,0.286,0.0,0.714,0.7506,0.1190909090909091,0.6451515151515151,0.1190909090909091,0.6451515151515151, NEGATIVE (0.5078), POSITIVE (0.8283),0.1190909090909091,0.6451515151515151,0.1190909090909091,0.6451515151515151,False,False,He is very busy with his experiments and hopes to have good rsults soon,BLEU = 62.36 70.6/62.5/60.0/57.1 (BP = 1.000 ratio = 1.214 hyp_len = 17 ref_len = 14),chrF2 = 76.49,BLEU = 58.57 66.7/58.8/56.2/53.3 (BP = 1.000 ratio = 1.286 hyp_len = 18 ref_len = 14),chrF2 = 74.74
133,133,In questo caso entrambe le parti hanno deciso di venire ad un compromesso,0,In this case both sides decided to come to a compromise,In this case both sides have decided to come to a compromise,0.0,0.0,0.0,0.0,1.0,0.0,0.0,0.0,1.0,0.0,0.0,0.0,0.0,0.0, POSITIVE (0.5808), POSITIVE (0.8226),0.0,0.0,0.0,0.0,True,True,In this case both sides decided to come to a compromise,BLEU = 100.00 100.0/100.0/100.0/100.0 (BP = 1.000 ratio = 1.000 hyp_len = 11 ref_len = 11),chrF2 = 100.00,BLEU = 73.49 91.7/81.8/70.0/55.6 (BP = 1.000 ratio = 1.091 hyp_len = 12 ref_len = 11),chrF2 = 92.21
134,134,Dopo aver visto il film abbiamo scoperto che la protagonista era un aliena,0,After watching the film we discovered that the protagonist was an alien,After seeing the film we discovered that the protagonist was an alien,0.0,0.0,0.0,0.0,1.0,0.0,0.0,0.0,1.0,0.0,-0.25,0.75,-0.25,0.75, NEGATIVE (0.9661), NEGATIVE (0.9767),-0.25,0.75,-0.25,0.75,True,False,After watching the film we discovered that the protagonist was an alien,BLEU = 100.00 100.0/100.0/100.0/100.0 (BP = 1.000 ratio = 1.000 hyp_len = 12 ref_len = 12),chrF2 = 100.00,BLEU = 82.65 91.7/81.8/80.0/77.8 (BP = 1.000 ratio = 1.000 hyp_len = 12 ref_len = 12),chrF2 = 87.46
135,135,La musica american attrae sempre molti giovani italiani,0,American music always attracts many young Italians,American music always attracts many young Italians,0.4019,0.4019,0.31,0.0,0.69,0.4019,0.31,0.0,0.69,0.4019,0.1999999999999999,0.3,0.1999999999999999,0.3, POSITIVE (0.9987), POSITIVE (0.9987),0.1999999999999999,0.3,0.1999999999999999,0.3,True,True,American music always attracts many young Italians,BLEU = 100.00 100.0/100.0/100.0/100.0 (BP = 1.000 ratio = 1.000 hyp_len = 7 ref_len = 7),chrF2 = 100.00,BLEU = 100.00 100.0/100.0/100.0/100.0 (BP = 1.000 ratio = 1.000 hyp_len = 7 ref_len = 7),chrF2 = 100.00
136,136,Ieri sono andata a cena in un ristorante giapponese,0,Yesterday I went to dinner at a Japanese restaurant,Yesterday I went to dinner in a Japanese restaurant,0.0,0.0,0.0,0.0,1.0,0.0,0.0,0.0,1.0,0.0,0.0,0.0,0.0,0.0, NEGATIVE (0.58), POSITIVE (0.8285),0.0,0.0,0.0,0.0,True,True,Yesterday I went to dinner at a Japanese restaurant,BLEU = 100.00 100.0/100.0/100.0/100.0 (BP = 1.000 ratio = 1.000 hyp_len = 9 ref_len = 9),chrF2 = 100.00,BLEU = 59.69 88.9/75.0/57.1/33.3 (BP = 1.000 ratio = 1.000 hyp_len = 9 ref_len = 9),chrF2 = 88.69
137,137,Oggi sono andata dal dentista,0,Today I went to the dentist,Today I went to the dentist,0.0,0.0,0.0,0.0,1.0,0.0,0.0,0.0,1.0,0.0,0.0,0.0,0.0,0.0, NEGATIVE (0.8822), NEGATIVE (0.8822),0.0,0.0,0.0,0.0,True,True,Today I went to the dentist,BLEU = 100.00 100.0/100.0/100.0/100.0 (BP = 1.000 ratio = 1.000 hyp_len = 6 ref_len = 6),chrF2 = 100.00,BLEU = 100.00 100.0/100.0/100.0/100.0 (BP = 1.000 ratio = 1.000 hyp_len = 6 ref_len = 6),chrF2 = 100.00
138,138,I miei amici sono venuti a farmi visita,0,My friends came to visit me,My friends came to visit me,0.4767,0.4767,0.383,0.0,0.617,0.4767,0.383,0.0,0.617,0.4767,0.0,0.0,0.0,0.0, POSITIVE (0.9811), POSITIVE (0.9811),0.0,0.0,0.0,0.0,True,True,My friends came to visit me,BLEU = 100.00 100.0/100.0/100.0/100.0 (BP = 1.000 ratio = 1.000 hyp_len = 6 ref_len = 6),chrF2 = 100.00,BLEU = 100.00 100.0/100.0/100.0/100.0 (BP = 1.000 ratio = 1.000 hyp_len = 6 ref_len = 6),chrF2 = 100.00
139,139,Ho mangiato una mela a colazione,0,I ate an apple for breakfast,I ate an apple for breakfast,0.0,0.0,0.0,0.0,1.0,0.0,0.0,0.0,1.0,0.0,0.0,0.0,0.0,0.0, POSITIVE (0.9546), POSITIVE (0.9546),0.0,0.0,0.0,0.0,True,True,I ate an apple for breakfast,BLEU = 100.00 100.0/100.0/100.0/100.0 (BP = 1.000 ratio = 1.000 hyp_len = 6 ref_len = 6),chrF2 = 100.00,BLEU = 100.00 100.0/100.0/100.0/100.0 (BP = 1.000 ratio = 1.000 hyp_len = 6 ref_len = 6),chrF2 = 100.00
140,140,Lo studente ha finalmente finito la sua tesi,0,The student has finally finished his thesis,The student finally finished his thesis,0.0,0.0,0.0,0.0,1.0,0.0,0.0,0.0,1.0,0.0,0.0,1.0,0.0,1.0, POSITIVE (0.9838), POSITIVE (0.8369),0.0,1.0,0.0,1.0,False,False,The student has finally finished his dissertation,BLEU = 80.91 85.7/83.3/80.0/75.0 (BP = 1.000 ratio = 1.000 hyp_len = 7 ref_len = 7),chrF2 = 74.87,BLEU = 32.16 83.3/60.0/25.0/16.7 (BP = 0.846 ratio = 0.857 hyp_len = 6 ref_len = 7),chrF2 = 62.41
141,141,Domani partiamo per andare in Italia,0,Tomorrow we leave to go to Italy,Tomorrow we leave to go to Italy,-0.0516,-0.0516,0.0,0.167,0.833,-0.0516,0.0,0.167,0.833,-0.0516,0.0,0.0,0.0,0.0, NEGATIVE (0.5591), NEGATIVE (0.5591),0.0,0.0,0.0,0.0,True,True,Tomorrow we leave to go to Italy,BLEU = 100.00 100.0/100.0/100.0/100.0 (BP = 1.000 ratio = 1.000 hyp_len = 7 ref_len = 7),chrF2 = 100.00,BLEU = 100.00 100.0/100.0/100.0/100.0 (BP = 1.000 ratio = 1.000 hyp_len = 7 ref_len = 7),chrF2 = 100.00
142,142,Maria ÃÂ¨ mia cugina,0,Mary is my cousin,Maria is my cousin,0.0,0.0,0.0,0.0,1.0,0.0,0.0,0.0,1.0,0.0,0.0,0.0,0.0,0.0, POSITIVE (0.9834), POSITIVE (0.9962),0.0,0.0,0.0,0.0,True,True,Mary is my cousin,BLEU = 100.00 100.0/100.0/100.0/100.0 (BP = 1.000 ratio = 1.000 hyp_len = 4 ref_len = 4),chrF2 = 100.00,BLEU = 59.46 75.0/66.7/50.0/50.0 (BP = 1.000 ratio = 1.000 hyp_len = 4 ref_len = 4),chrF2 = 70.72
143,143,La settimana prossima non lavoro,0,I don't work next week,Next week I don't work,0.0,0.0,0.0,0.0,1.0,0.0,0.0,0.0,1.0,0.0,0.0,0.0,0.0,0.0, NEGATIVE (0.9951), NEGATIVE (0.9997),0.0,0.0,0.0,0.0,True,False,I don't work next week,BLEU = 100.00 100.0/100.0/100.0/100.0 (BP = 1.000 ratio = 1.000 hyp_len = 5 ref_len = 5),chrF2 = 100.00,BLEU = 42.73 80.0/50.0/33.3/25.0 (BP = 1.000 ratio = 1.000 hyp_len = 5 ref_len = 5),chrF2 = 75.90
144,144,Siamo ritornati ieri dall'Italia,0,We returned yesterday from Italy,We returned yesterday from Italy,0.0,0.0,0.0,0.0,1.0,0.0,0.0,0.0,1.0,0.0,0.0,0.0,0.0,0.0, NEGATIVE (0.9646), NEGATIVE (0.9646),0.0,0.0,0.0,0.0,False,False,We came back yesterday from Italy,BLEU = 34.98 80.0/50.0/33.3/25.0 (BP = 0.819 ratio = 0.833 hyp_len = 5 ref_len = 6),chrF2 = 63.01,BLEU = 34.98 80.0/50.0/33.3/25.0 (BP = 0.819 ratio = 0.833 hyp_len = 5 ref_len = 6),chrF2 = 63.01
145,145,Oggi ho conosciuto il fidanzato di mia sorella,0,Today I met my sister's boyfriend,Today I met my sister's boyfriend,0.0,0.0,0.0,0.0,1.0,0.0,0.0,0.0,1.0,0.0,0.0,0.0,0.0,0.0, POSITIVE (0.9875), POSITIVE (0.9875),0.0,0.0,0.0,0.0,True,True,Today I met my sister's boyfriend,BLEU = 100.00 100.0/100.0/100.0/100.0 (BP = 1.000 ratio = 1.000 hyp_len = 6 ref_len = 6),chrF2 = 100.00,BLEU = 100.00 100.0/100.0/100.0/100.0 (BP = 1.000 ratio = 1.000 hyp_len = 6 ref_len = 6),chrF2 = 100.00
146,146,Il dipartimento di italiano ha assunto un nuovo professore,0,The Department of Italian has hired a new professor,The Italian Department has taken on a new professor,0.0,0.0,0.0,0.0,1.0,0.0,0.0,0.0,1.0,0.0,0.0681818181818181,0.2272727272727272,0.0681818181818181,0.2272727272727272, POSITIVE (0.9783), POSITIVE (0.991),0.0681818181818181,0.2272727272727272,0.0681818181818181,0.2272727272727272,True,False,The Department of Italian has hired a new professor,BLEU = 100.00 100.0/100.0/100.0/100.0 (BP = 1.000 ratio = 1.000 hyp_len = 9 ref_len = 9),chrF2 = 100.00,BLEU = 21.93 77.8/25.0/14.3/8.3 (BP = 1.000 ratio = 1.000 hyp_len = 9 ref_len = 9),chrF2 = 60.62
147,147,Ho comprato una nuova borsa,0,I bought a new bag,I bought a new bag,0.0,0.0,0.0,0.0,1.0,0.0,0.0,0.0,1.0,0.0,0.1363636363636363,0.4545454545454545,0.1363636363636363,0.4545454545454545, NEGATIVE (0.683), NEGATIVE (0.683),0.1363636363636363,0.4545454545454545,0.1363636363636363,0.4545454545454545,True,True,I bought a new bag,BLEU = 100.00 100.0/100.0/100.0/100.0 (BP = 1.000 ratio = 1.000 hyp_len = 5 ref_len = 5),chrF2 = 100.00,BLEU = 100.00 100.0/100.0/100.0/100.0 (BP = 1.000 ratio = 1.000 hyp_len = 5 ref_len = 5),chrF2 = 100.00
148,148,Ieri sera non ho cenato,0,I didn't have dinner last night.,I didn't have dinner last night,0.0,0.0,0.0,0.0,1.0,0.0,0.0,0.0,1.0,0.0,0.0,0.0666666666666666,0.0,0.0666666666666666, NEGATIVE (0.7894), NEGATIVE (0.7398),0.0,0.0666666666666666,0.0,0.0666666666666666,True,True,I didn't have dinner last night.,BLEU = 100.00 100.0/100.0/100.0/100.0 (BP = 1.000 ratio = 1.000 hyp_len = 7 ref_len = 7),chrF2 = 100.00,BLEU = 84.65 100.0/100.0/100.0/100.0 (BP = 0.846 ratio = 0.857 hyp_len = 6 ref_len = 7),chrF2 = 96.69
149,149,Ci sono molti parchi nel mio vicinato,0,There are many parks in my neighborhood,There are many parks in my neighborhood,0.0,0.0,0.0,0.0,1.0,0.0,0.0,0.0,1.0,0.0,0.5,0.5,0.5,0.5, POSITIVE (0.9989), POSITIVE (0.9989),0.5,0.5,0.5,0.5,True,True,There are many parks in my neighborhood,BLEU = 100.00 100.0/100.0/100.0/100.0 (BP = 1.000 ratio = 1.000 hyp_len = 7 ref_len = 7),chrF2 = 100.00,BLEU = 100.00 100.0/100.0/100.0/100.0 (BP = 1.000 ratio = 1.000 hyp_len = 7 ref_len = 7),chrF2 = 100.00
150,150,Di solito ascolto musica italiana ,0,I usually listen to Italian music,I usually listen to Italian music,0.0,0.0,0.0,0.0,1.0,0.0,0.0,0.0,1.0,0.0,-0.125,0.125,-0.125,0.125, POSITIVE (0.9723), POSITIVE (0.9723),-0.125,0.125,-0.125,0.125,True,True,I usually listen to Italian music,BLEU = 100.00 100.0/100.0/100.0/100.0 (BP = 1.000 ratio = 1.000 hyp_len = 6 ref_len = 6),chrF2 = 100.00,BLEU = 100.00 100.0/100.0/100.0/100.0 (BP = 1.000 ratio = 1.000 hyp_len = 6 ref_len = 6),chrF2 = 100.00
151,151,I miei figli nuotanto e giocano a calcio,0,My children swim and play football,My children still and play football,0.34,0.34,0.324,0.0,0.676,0.34,0.324,0.0,0.676,0.34,0.0,0.0,0.0,0.0, POSITIVE (0.992), POSITIVE (0.979),0.0,0.0,0.0,0.0,True,False,My children swim and play football,BLEU = 100.00 100.0/100.0/100.0/100.0 (BP = 1.000 ratio = 1.000 hyp_len = 6 ref_len = 6),chrF2 = 100.00,BLEU = 37.99 83.3/60.0/25.0/16.7 (BP = 1.000 ratio = 1.000 hyp_len = 6 ref_len = 6),chrF2 = 78.72
152,152,Il mio amico ha scritto quattro libri su Dante,0,My friend wrote four books about Dante,My friend wrote four books on Dante,0.4939,0.4939,0.348,0.0,0.652,0.4939,0.348,0.0,0.652,0.4939,0.0,0.0,0.0,0.0, POSITIVE (0.9974), POSITIVE (0.9985),0.0,0.0,0.0,0.0,False,True,My friend wrote four books on Dante,BLEU = 64.35 85.7/66.7/60.0/50.0 (BP = 1.000 ratio = 1.000 hyp_len = 7 ref_len = 7),chrF2 = 81.27,BLEU = 100.00 100.0/100.0/100.0/100.0 (BP = 1.000 ratio = 1.000 hyp_len = 7 ref_len = 7),chrF2 = 100.00
153,153,Abbiamo comprato una nuova macchina,0,We bought a new car,We bought a new car,0.0,0.0,0.0,0.0,1.0,0.0,0.0,0.0,1.0,0.0,0.1363636363636363,0.4545454545454545,0.1363636363636363,0.4545454545454545, POSITIVE (0.9949), POSITIVE (0.9949),0.1363636363636363,0.4545454545454545,0.1363636363636363,0.4545454545454545,True,True,We bought a new car,BLEU = 100.00 100.0/100.0/100.0/100.0 (BP = 1.000 ratio = 1.000 hyp_len = 5 ref_len = 5),chrF2 = 100.00,BLEU = 100.00 100.0/100.0/100.0/100.0 (BP = 1.000 ratio = 1.000 hyp_len = 5 ref_len = 5),chrF2 = 100.00
154,154,Marco e Giulia arrivano domani,0,Marco and Giulia arrive tomorrow,Marco and Giulia arrive tomorrow,0.0,0.0,0.0,0.0,1.0,0.0,0.0,0.0,1.0,0.0,0.0,0.0,0.0,0.0, POSITIVE (0.9932), POSITIVE (0.9932),0.0,0.0,0.0,0.0,True,True,Marco and Giulia arrive tomorrow,BLEU = 100.00 100.0/100.0/100.0/100.0 (BP = 1.000 ratio = 1.000 hyp_len = 5 ref_len = 5),chrF2 = 100.00,BLEU = 100.00 100.0/100.0/100.0/100.0 (BP = 1.000 ratio = 1.000 hyp_len = 5 ref_len = 5),chrF2 = 100.00
155,155,Filippo ha sette anni,0,Philip is seven years old,Filippo is seven years old,0.0,0.0,0.0,0.0,1.0,0.0,0.0,0.0,1.0,0.0,0.1,0.2,0.1,0.2, POSITIVE (0.6268), POSITIVE (0.6529),0.1,0.2,0.1,0.2,False,True,Filippo is seven years old,BLEU = 66.87 80.0/75.0/66.7/50.0 (BP = 1.000 ratio = 1.000 hyp_len = 5 ref_len = 5),chrF2 = 72.52,BLEU = 100.00 100.0/100.0/100.0/100.0 (BP = 1.000 ratio = 1.000 hyp_len = 5 ref_len = 5),chrF2 = 100.00
156,156,Il sei settembre inizia la scuola,0,"On September 6, school begins",Six September begins school,0.0,0.0,0.0,0.0,1.0,0.0,0.0,0.0,1.0,0.0,0.0,0.0,0.0,0.0, POSITIVE (0.9645), POSITIVE (0.9636),0.0,0.0,0.0,0.0,False,False,School begins on September six.,BLEU = 9.65 33.3/10.0/6.2/4.2 (BP = 1.000 ratio = 1.000 hyp_len = 6 ref_len = 6),chrF2 = 66.34,BLEU = 11.52 50.0/16.7/12.5/12.5 (BP = 0.607 ratio = 0.667 hyp_len = 4 ref_len = 6),chrF2 = 54.21
157,157,Giovanna ha scelto di giocare a calcio,0,Giovanna chose to play football,Giovanna chose to play football,0.34,0.34,0.375,0.0,0.625,0.34,0.375,0.0,0.625,0.34,0.0,0.0,0.0,0.0, POSITIVE (0.8796), POSITIVE (0.8796),0.0,0.0,0.0,0.0,False,False,Giovanna chose to play soccer,BLEU = 66.87 80.0/75.0/66.7/50.0 (BP = 1.000 ratio = 1.000 hyp_len = 5 ref_len = 5),chrF2 = 72.55,BLEU = 66.87 80.0/75.0/66.7/50.0 (BP = 1.000 ratio = 1.000 hyp_len = 5 ref_len = 5),chrF2 = 72.55
158,158,Ieri siamo andati allo stadio a vedere una partita di calcio,0,Yesterday we went to the stadium to watch a football match,Yesterday we went to the stadium to see a football match,0.0,0.0,0.0,0.0,1.0,0.0,0.0,0.0,1.0,0.0,0.0,0.0,0.0,0.0, POSITIVE (0.9109), POSITIVE (0.8358),0.0,0.0,0.0,0.0,False,False,Yesterday we went to the stadium to watch a soccer game,BLEU = 78.61 81.8/80.0/77.8/75.0 (BP = 1.000 ratio = 1.000 hyp_len = 11 ref_len = 11),chrF2 = 76.83,BLEU = 59.00 72.7/60.0/55.6/50.0 (BP = 1.000 ratio = 1.000 hyp_len = 11 ref_len = 11),chrF2 = 68.35
159,159,A dicembre vado in Italia,0,I'm going to Italy in December,In December I go to Italy,0.0,0.0,0.0,0.0,1.0,0.0,0.0,0.0,1.0,0.0,0.0,0.0,0.0,0.0, POSITIVE (0.9077), POSITIVE (0.5516),0.0,0.0,0.0,0.0,True,False,I'm going to Italy in December,BLEU = 100.00 100.0/100.0/100.0/100.0 (BP = 1.000 ratio = 1.000 hyp_len = 6 ref_len = 6),chrF2 = 100.00,BLEU = 17.97 50.0/20.0/12.5/8.3 (BP = 1.000 ratio = 1.000 hyp_len = 6 ref_len = 6),chrF2 = 53.02
160,160,In estate siamo stati al lago,0,In the summer we stayed at the lake,In the summer we stayed at the lake,0.0,0.0,0.0,0.0,1.0,0.0,0.0,0.0,1.0,0.0,0.0,0.0,0.0,0.0, POSITIVE (0.5117), POSITIVE (0.5117),0.0,0.0,0.0,0.0,False,False,In the summer we went to the lake,BLEU = 41.11 75.0/57.1/33.3/20.0 (BP = 1.000 ratio = 1.000 hyp_len = 8 ref_len = 8),chrF2 = 64.60,BLEU = 41.11 75.0/57.1/33.3/20.0 (BP = 1.000 ratio = 1.000 hyp_len = 8 ref_len = 8),chrF2 = 64.60
161,161,Ho cucinato pasta al sugo,0,I cooked pasta with gravy,I cooked pasta pasta,0.0,0.0,0.0,0.0,1.0,0.0,0.0,0.0,1.0,0.0,0.0,0.0,0.0,0.0, POSITIVE (0.9996), POSITIVE (0.985),0.0,0.0,0.0,0.0,False,False,I cooked pasta with tomatoe sauce,BLEU = 54.75 80.0/75.0/66.7/50.0 (BP = 0.819 ratio = 0.833 hyp_len = 5 ref_len = 6),chrF2 = 56.43,BLEU = 36.06 75.0/66.7/50.0/50.0 (BP = 0.607 ratio = 0.667 hyp_len = 4 ref_len = 6),chrF2 = 43.05
162,162,Abbiamo deciso di cambiare casa,0,We decided to change homes.,We decided to change the house,0.0,0.0,0.0,0.0,1.0,0.0,0.0,0.0,1.0,0.0,0.0,0.0,0.0,0.0, NEGATIVE (0.9076), NEGATIVE (0.9718),0.0,0.0,0.0,0.0,False,False,We decided to move,BLEU = 30.21 50.0/40.0/25.0/16.7 (BP = 1.000 ratio = 1.500 hyp_len = 6 ref_len = 4),chrF2 = 63.81,BLEU = 30.21 50.0/40.0/25.0/16.7 (BP = 1.000 ratio = 1.500 hyp_len = 6 ref_len = 4),chrF2 = 60.04
163,163,Giocare a calcio aiuta a stare in forma,0,Playing football helps you stay fit,Play football helps to stay fit,0.7579,0.7096,0.697,0.0,0.303,0.7096,0.714,0.0,0.286,0.7579,0.4,0.4,0.4,0.4, POSITIVE (0.9969), POSITIVE (0.9883),0.4,0.4,0.4,0.4,False,False,Plauing soccer helps to stay fit,BLEU = 17.97 50.0/20.0/12.5/8.3 (BP = 1.000 ratio = 1.000 hyp_len = 6 ref_len = 6),chrF2 = 36.93,BLEU = 50.81 66.7/60.0/50.0/33.3 (BP = 1.000 ratio = 1.000 hyp_len = 6 ref_len = 6),chrF2 = 51.51
164,164,Il campionato di calcio ÃÂ¨ iniziato ad Agosto,0,The football championship started in August,The football championship started in August,0.4404,0.4404,0.367,0.0,0.633,0.4404,0.367,0.0,0.633,0.4404,0.0,0.0,0.0,0.0, POSITIVE (0.8702), POSITIVE (0.8702),0.0,0.0,0.0,0.0,False,False,The soccer championship began in August,BLEU = 19.30 66.7/20.0/12.5/8.3 (BP = 1.000 ratio = 1.000 hyp_len = 6 ref_len = 6),chrF2 = 51.81,BLEU = 19.30 66.7/20.0/12.5/8.3 (BP = 1.000 ratio = 1.000 hyp_len = 6 ref_len = 6),chrF2 = 51.81
165,165,In Italia lo sport piÃÂ¹ praticato ÃÂ¨ il calcio,0,In Italy the most practiced sport is football,In Italy the most practiced sport is football,0.0,0.0,0.0,0.0,1.0,0.0,0.0,0.0,1.0,0.0,0.5,0.5,0.5,0.5, POSITIVE (0.9981), POSITIVE (0.9981),0.5,0.5,0.5,0.5,False,False,The most practiced sport in Italy is soccer,BLEU = 23.36 62.5/28.6/16.7/10.0 (BP = 1.000 ratio = 1.000 hyp_len = 8 ref_len = 8),chrF2 = 65.94,BLEU = 23.36 62.5/28.6/16.7/10.0 (BP = 1.000 ratio = 1.000 hyp_len = 8 ref_len = 8),chrF2 = 65.94
166,166,Domani cambio casa,0,I'm changing houses tomorrow.,Tomorrow I change home,0.0,0.0,0.0,0.0,1.0,0.0,0.0,0.0,1.0,0.0,0.0,0.0,0.0,0.0, POSITIVE (0.7875), POSITIVE (0.9162),0.0,0.0,0.0,0.0,False,False,Tomorrow I am moving,BLEU = 0.00 0.0/0.0/0.0/0.0 (BP = 1.000 ratio = 1.250 hyp_len = 5 ref_len = 4),chrF2 = 35.88,BLEU = 31.95 50.0/33.3/25.0/25.0 (BP = 1.000 ratio = 1.000 hyp_len = 4 ref_len = 4),chrF2 = 48.67
167,167,I miei amici si sono trasferiti in una nuova casa,0,My friends moved into a new home,My friends moved to a new house,0.4767,0.4767,0.383,0.0,0.617,0.4767,0.383,0.0,0.617,0.4767,0.1363636363636363,0.4545454545454545,0.1363636363636363,0.4545454545454545, POSITIVE (0.9995), POSITIVE (0.9931),0.1363636363636363,0.4545454545454545,0.1363636363636363,0.4545454545454545,False,True,My friends moved to a new house,BLEU = 30.74 71.4/50.0/20.0/12.5 (BP = 1.000 ratio = 1.000 hyp_len = 7 ref_len = 7),chrF2 = 74.84,BLEU = 100.00 100.0/100.0/100.0/100.0 (BP = 1.000 ratio = 1.000 hyp_len = 7 ref_len = 7),chrF2 = 100.00
168,168,L'anno prossimo cambio auto,0,Next year car change,Next year car change,0.0,0.0,0.0,0.0,1.0,0.0,0.0,0.0,1.0,0.0,0.0,0.0,0.0,0.0, NEGATIVE (0.5304), NEGATIVE (0.5304),0.0,0.0,0.0,0.0,False,False,Next year I’ll buy a new car.,BLEU = 13.01 75.0/33.3/25.0/25.0 (BP = 0.368 ratio = 0.500 hyp_len = 4 ref_len = 8),chrF2 = 35.77,BLEU = 13.01 75.0/33.3/25.0/25.0 (BP = 0.368 ratio = 0.500 hyp_len = 4 ref_len = 8),chrF2 = 35.77
